search_term,term_label,date,n_downloads,mean_rsv,sd_rsv,cv_rsv,se_rsv,lower_ci,upper_ci,year,month_num,month_lab,t_years,tick_season,sin1,cos1,sin2,cos2,term_group
alpha_gal,Alpha-gal,2014-02-01,14,0,0,NA,0,0,0,2014,2,Feb,0.08493150684921602,1,0.8660254037844386,0.5000000000000001,0.8660254037844387,-0.4999999999999998,AGS/MMA-specific
alpha_gal,Alpha-gal,2014-03-01,14,0,0,NA,0,0,0,2014,3,Mar,0.16164383561635987,1,1,6.123233995736766e-17,1.2246467991473532e-16,-1,AGS/MMA-specific
alpha_gal,Alpha-gal,2014-04-01,14,0,0,NA,0,0,0,2014,4,Apr,0.24657534246580326,0,0.8660254037844387,-0.4999999999999998,-0.8660254037844384,-0.5000000000000004,AGS/MMA-specific
alpha_gal,Alpha-gal,2014-05-01,14,0,0,NA,0,0,0,2014,5,May,0.3287671232876619,0,0.49999999999999994,-0.8660254037844387,-0.8660254037844386,0.5000000000000001,AGS/MMA-specific
alpha_gal,Alpha-gal,2014-06-01,14,0,0,NA,0,0,0,2014,6,Jun,0.4136986301368779,0,1.2246467991473532e-16,-1,-2.4492935982947064e-16,1,AGS/MMA-specific
alpha_gal,Alpha-gal,2014-07-01,14,0,0,NA,0,0,0,2014,7,Jul,0.4958904109589639,0,-0.4999999999999997,-0.8660254037844388,0.8660254037844384,0.5000000000000006,AGS/MMA-specific
alpha_gal,Alpha-gal,2014-08-01,14,3.2857142857142856,8.352139950829473,254.195563720897,2.23220329588506,0,8.108096320997308,2014,8,Aug,0.5808219178081799,0,-0.8660254037844384,-0.5000000000000004,0.8660254037844392,-0.4999999999999992,AGS/MMA-specific
alpha_gal,Alpha-gal,2014-09-01,14,0,0,NA,0,0,0,2014,9,Sep,0.6657534246576233,0,-1,-1.8369701987210297e-16,3.6739403974420594e-16,-1,AGS/MMA-specific
alpha_gal,Alpha-gal,2014-10-01,14,0,0,NA,0,0,0,2014,10,Oct,0.747945205479482,1,-0.8660254037844386,0.5000000000000001,-0.8660254037844387,-0.49999999999999983,AGS/MMA-specific
alpha_gal,Alpha-gal,2014-11-01,14,0,0,NA,0,0,0,2014,11,Nov,0.832876712328698,1,-0.5000000000000004,0.8660254037844384,-0.8660254037844392,0.4999999999999991,AGS/MMA-specific
alpha_gal,Alpha-gal,2014-12-01,14,0,0,NA,0,0,0,2014,12,Dec,0.915068493150784,1,-2.4492935982947064e-16,1,-4.898587196589413e-16,1,AGS/MMA-specific
alpha_gal,Alpha-gal,2015-01-01,14,2.0714285714285716,7.750576015460307,374.16573867739413,2.0714285714285716,0,6.546477931244356,2015,1,Jan,1,1,0.49999999999999994,0.8660254037844387,0.8660254037844386,0.5000000000000001,AGS/MMA-specific
alpha_gal,Alpha-gal,2015-02-01,14,0,0,NA,0,0,0,2015,2,Feb,1.084931506849216,1,0.8660254037844386,0.5000000000000001,0.8660254037844387,-0.4999999999999998,AGS/MMA-specific
alpha_gal,Alpha-gal,2015-03-01,14,0,0,NA,0,0,0,2015,3,Mar,1.1616438356163599,1,1,6.123233995736766e-17,1.2246467991473532e-16,-1,AGS/MMA-specific
alpha_gal,Alpha-gal,2015-04-01,14,0,0,NA,0,0,0,2015,4,Apr,1.2465753424658033,0,0.8660254037844387,-0.4999999999999998,-0.8660254037844384,-0.5000000000000004,AGS/MMA-specific
alpha_gal,Alpha-gal,2015-05-01,14,0,0,NA,0,0,0,2015,5,May,1.3287671232876619,0,0.49999999999999994,-0.8660254037844387,-0.8660254037844386,0.5000000000000001,AGS/MMA-specific
alpha_gal,Alpha-gal,2015-06-01,14,0,0,NA,0,0,0,2015,6,Jun,1.413698630136878,0,1.2246467991473532e-16,-1,-2.4492935982947064e-16,1,AGS/MMA-specific
alpha_gal,Alpha-gal,2015-07-01,14,0,0,NA,0,0,0,2015,7,Jul,1.495890410958964,0,-0.4999999999999997,-0.8660254037844388,0.8660254037844384,0.5000000000000006,AGS/MMA-specific
alpha_gal,Alpha-gal,2015-08-01,14,0,0,NA,0,0,0,2015,8,Aug,1.58082191780818,0,-0.8660254037844384,-0.5000000000000004,0.8660254037844392,-0.4999999999999992,AGS/MMA-specific
alpha_gal,Alpha-gal,2015-09-01,14,0,0,NA,0,0,0,2015,9,Sep,1.6657534246576233,0,-1,-1.8369701987210297e-16,3.6739403974420594e-16,-1,AGS/MMA-specific
alpha_gal,Alpha-gal,2015-10-01,14,0,0,NA,0,0,0,2015,10,Oct,1.747945205479482,1,-0.8660254037844386,0.5000000000000001,-0.8660254037844387,-0.49999999999999983,AGS/MMA-specific
alpha_gal,Alpha-gal,2015-11-01,14,0,0,NA,0,0,0,2015,11,Nov,1.832876712328698,1,-0.5000000000000004,0.8660254037844384,-0.8660254037844392,0.4999999999999991,AGS/MMA-specific
alpha_gal,Alpha-gal,2015-12-01,14,1.5714285714285714,5.879747322073336,374.16573867739413,1.5714285714285714,0,4.966293603012958,2015,12,Dec,1.915068493150784,1,-2.4492935982947064e-16,1,-4.898587196589413e-16,1,AGS/MMA-specific
alpha_gal,Alpha-gal,2016-01-01,14,0,0,NA,0,0,0,2016,1,Jan,2,1,0.49999999999999994,0.8660254037844387,0.8660254037844386,0.5000000000000001,AGS/MMA-specific
alpha_gal,Alpha-gal,2016-02-01,14,0,0,NA,0,0,0,2016,2,Feb,2.0846994535518206,1,0.8660254037844386,0.5000000000000001,0.8660254037844387,-0.4999999999999998,AGS/MMA-specific
alpha_gal,Alpha-gal,2016-03-01,14,1.3571428571428572,5.077963596336064,374.16573867739413,1.3571428571428572,0,4.289071748056646,2016,3,Mar,2.1639344262296163,1,1,6.123233995736766e-17,1.2246467991473532e-16,-1,AGS/MMA-specific
alpha_gal,Alpha-gal,2016-04-01,14,0,0,NA,0,0,0,2016,4,Apr,2.248633879781437,0,0.8660254037844387,-0.4999999999999998,-0.8660254037844384,-0.5000000000000004,AGS/MMA-specific
alpha_gal,Alpha-gal,2016-05-01,14,0,0,NA,0,0,0,2016,5,May,2.3306010928961314,0,0.49999999999999994,-0.8660254037844387,-0.8660254037844386,0.5000000000000001,AGS/MMA-specific
alpha_gal,Alpha-gal,2016-06-01,14,0,0,NA,0,0,0,2016,6,Jun,2.4153005464481794,0,1.2246467991473532e-16,-1,-2.4492935982947064e-16,1,AGS/MMA-specific
alpha_gal,Alpha-gal,2016-07-01,14,1.6428571428571428,6.147008563985761,374.16573867739413,1.6428571428571428,0,5.192034221331729,2016,7,Jul,2.497267759562874,0,-0.4999999999999997,-0.8660254037844388,0.8660254037844384,0.5000000000000006,AGS/MMA-specific
alpha_gal,Alpha-gal,2016-08-01,14,0,0,NA,0,0,0,2016,8,Aug,2.5819672131146945,0,-0.8660254037844384,-0.5000000000000004,0.8660254037844392,-0.4999999999999992,AGS/MMA-specific
alpha_gal,Alpha-gal,2016-09-01,14,0,0,NA,0,0,0,2016,9,Sep,2.6666666666667425,0,-1,-1.8369701987210297e-16,3.6739403974420594e-16,-1,AGS/MMA-specific
alpha_gal,Alpha-gal,2016-10-01,14,1.8571428571428572,6.948792289723034,374.16573867739413,1.8571428571428572,0,5.869256076288043,2016,10,Oct,2.748633879781437,1,-0.8660254037844386,0.5000000000000001,-0.8660254037844387,-0.49999999999999983,AGS/MMA-specific
alpha_gal,Alpha-gal,2016-11-01,14,5.214285714285714,10.7716049188351,206.57872447081016,2.8788325079978483,0,11.433625231770435,2016,11,Nov,2.8333333333332575,1,-0.5000000000000004,0.8660254037844384,-0.8660254037844392,0.4999999999999991,AGS/MMA-specific
alpha_gal,Alpha-gal,2016-12-01,14,3.2142857142857144,8.172925014748593,254.26877823662286,2.184306089498828,0,7.933192126159793,2016,12,Dec,2.9153005464481794,1,-2.4492935982947064e-16,1,-4.898587196589413e-16,1,AGS/MMA-specific
alpha_gal,Alpha-gal,2017-01-01,14,1.3571428571428572,5.077963596336064,374.16573867739413,1.3571428571428572,0,4.289071748056646,2017,1,Jan,3,1,0.49999999999999994,0.8660254037844387,0.8660254037844386,0.5000000000000001,AGS/MMA-specific
alpha_gal,Alpha-gal,2017-02-01,14,1.5,5.612486080160912,374.16573867739413,1.5,0,4.740552984694188,2017,2,Feb,3.084931506849216,1,0.8660254037844386,0.5000000000000001,0.8660254037844387,-0.4999999999999998,AGS/MMA-specific
alpha_gal,Alpha-gal,2017-03-01,14,0,0,NA,0,0,0,2017,3,Mar,3.16164383561636,1,1,6.123233995736766e-17,1.2246467991473532e-16,-1,AGS/MMA-specific
alpha_gal,Alpha-gal,2017-04-01,14,1.3571428571428572,5.077963596336064,374.16573867739413,1.3571428571428572,0,4.289071748056646,2017,4,Apr,3.2465753424658033,0,0.8660254037844387,-0.4999999999999998,-0.8660254037844384,-0.5000000000000004,AGS/MMA-specific
alpha_gal,Alpha-gal,2017-05-01,14,0,0,NA,0,0,0,2017,5,May,3.328767123287662,0,0.49999999999999994,-0.8660254037844387,-0.8660254037844386,0.5000000000000001,AGS/MMA-specific
alpha_gal,Alpha-gal,2017-06-01,14,6.285714285714286,10.365835685102743,164.9110222629982,2.7703861186606855,0.3006589486601321,12.270769622768439,2017,6,Jun,3.413698630136878,0,1.2246467991473532e-16,-1,-2.4492935982947064e-16,1,AGS/MMA-specific
alpha_gal,Alpha-gal,2017-07-01,14,0,0,NA,0,0,0,2017,7,Jul,3.495890410958964,0,-0.4999999999999997,-0.8660254037844388,0.8660254037844384,0.5000000000000006,AGS/MMA-specific
alpha_gal,Alpha-gal,2017-08-01,14,0,0,NA,0,0,0,2017,8,Aug,3.58082191780818,0,-0.8660254037844384,-0.5000000000000004,0.8660254037844392,-0.4999999999999992,AGS/MMA-specific
alpha_gal,Alpha-gal,2017-09-01,14,1.2857142857142858,4.810702354423639,374.1657386773941,1.2857142857142858,0,4.063331129737875,2017,9,Sep,3.6657534246576233,0,-1,-1.8369701987210297e-16,3.6739403974420594e-16,-1,AGS/MMA-specific
alpha_gal,Alpha-gal,2017-10-01,14,0,0,NA,0,0,0,2017,10,Oct,3.747945205479482,1,-0.8660254037844386,0.5000000000000001,-0.8660254037844387,-0.49999999999999983,AGS/MMA-specific
alpha_gal,Alpha-gal,2017-11-01,14,0,0,NA,0,0,0,2017,11,Nov,3.832876712328698,1,-0.5000000000000004,0.8660254037844384,-0.8660254037844392,0.4999999999999991,AGS/MMA-specific
alpha_gal,Alpha-gal,2017-12-01,14,0,0,NA,0,0,0,2017,12,Dec,3.915068493150784,1,-2.4492935982947064e-16,1,-4.898587196589413e-16,1,AGS/MMA-specific
alpha_gal,Alpha-gal,2018-01-01,14,1.3571428571428572,5.077963596336064,374.16573867739413,1.3571428571428572,0,4.289071748056646,2018,1,Jan,4,1,0.49999999999999994,0.8660254037844387,0.8660254037844386,0.5000000000000001,AGS/MMA-specific
alpha_gal,Alpha-gal,2018-02-01,14,3.142857142857143,8.141603913585719,259.05103361409107,2.1759351731039738,0,7.843679289325907,2018,2,Feb,4.084931506849216,1,0.8660254037844386,0.5000000000000001,0.8660254037844387,-0.4999999999999998,AGS/MMA-specific
alpha_gal,Alpha-gal,2018-03-01,14,0,0,NA,0,0,0,2018,3,Mar,4.16164383561636,1,1,6.123233995736766e-17,1.2246467991473532e-16,-1,AGS/MMA-specific
alpha_gal,Alpha-gal,2018-04-01,14,0,0,NA,0,0,0,2018,4,Apr,4.246575342465803,0,0.8660254037844387,-0.4999999999999998,-0.8660254037844384,-0.5000000000000004,AGS/MMA-specific
alpha_gal,Alpha-gal,2018-05-01,14,0,0,NA,0,0,0,2018,5,May,4.328767123287662,0,0.49999999999999994,-0.8660254037844387,-0.8660254037844386,0.5000000000000001,AGS/MMA-specific
alpha_gal,Alpha-gal,2018-06-01,14,0,0,NA,0,0,0,2018,6,Jun,4.413698630136878,0,1.2246467991473532e-16,-1,-2.4492935982947064e-16,1,AGS/MMA-specific
alpha_gal,Alpha-gal,2018-07-01,14,0,0,NA,0,0,0,2018,7,Jul,4.495890410958964,0,-0.4999999999999997,-0.8660254037844388,0.8660254037844384,0.5000000000000006,AGS/MMA-specific
alpha_gal,Alpha-gal,2018-08-01,14,2.2142857142857144,5.6320316245365865,254.34981530165226,1.5052237664636972,0,5.466123960316755,2018,8,Aug,4.58082191780818,0,-0.8660254037844384,-0.5000000000000004,0.8660254037844392,-0.4999999999999992,AGS/MMA-specific
alpha_gal,Alpha-gal,2018-09-01,14,0,0,NA,0,0,0,2018,9,Sep,4.665753424657623,0,-1,-1.8369701987210297e-16,3.6739403974420594e-16,-1,AGS/MMA-specific
alpha_gal,Alpha-gal,2018-10-01,14,0,0,NA,0,0,0,2018,10,Oct,4.747945205479482,1,-0.8660254037844386,0.5000000000000001,-0.8660254037844387,-0.49999999999999983,AGS/MMA-specific
alpha_gal,Alpha-gal,2018-11-01,14,3.7857142857142856,7.536358755838479,199.07362751271452,2.0141766005829655,0,8.1370782821945,2018,11,Nov,4.832876712328698,1,-0.5000000000000004,0.8660254037844384,-0.8660254037844392,0.4999999999999991,AGS/MMA-specific
alpha_gal,Alpha-gal,2018-12-01,14,0,0,NA,0,0,0,2018,12,Dec,4.915068493150784,1,-2.4492935982947064e-16,1,-4.898587196589413e-16,1,AGS/MMA-specific
alpha_gal,Alpha-gal,2019-01-01,14,0,0,NA,0,0,0,2019,1,Jan,5,1,0.49999999999999994,0.8660254037844387,0.8660254037844386,0.5000000000000001,AGS/MMA-specific
alpha_gal,Alpha-gal,2019-02-01,14,0,0,NA,0,0,0,2019,2,Feb,5.084931506849216,1,0.8660254037844386,0.5000000000000001,0.8660254037844387,-0.4999999999999998,AGS/MMA-specific
alpha_gal,Alpha-gal,2019-03-01,14,0,0,NA,0,0,0,2019,3,Mar,5.16164383561636,1,1,6.123233995736766e-17,1.2246467991473532e-16,-1,AGS/MMA-specific
alpha_gal,Alpha-gal,2019-04-01,14,2.9285714285714284,7.508603124358143,256.39132619759516,2.0067585960434675,0,7.263909800551012,2019,4,Apr,5.246575342465803,0,0.8660254037844387,-0.4999999999999998,-0.8660254037844384,-0.5000000000000004,AGS/MMA-specific
alpha_gal,Alpha-gal,2019-05-01,14,0,0,NA,0,0,0,2019,5,May,5.328767123287662,0,0.49999999999999994,-0.8660254037844387,-0.8660254037844386,0.5000000000000001,AGS/MMA-specific
alpha_gal,Alpha-gal,2019-06-01,14,0,0,NA,0,0,0,2019,6,Jun,5.413698630136878,0,1.2246467991473532e-16,-1,-2.4492935982947064e-16,1,AGS/MMA-specific
alpha_gal,Alpha-gal,2019-07-01,14,2.142857142857143,5.4470477940192215,254.195563720897,1.4557847581859087,0,5.287888904998244,2019,7,Jul,5.495890410958964,0,-0.4999999999999997,-0.8660254037844388,0.8660254037844384,0.5000000000000006,AGS/MMA-specific
alpha_gal,Alpha-gal,2019-08-01,14,0,0,NA,0,0,0,2019,8,Aug,5.58082191780818,0,-0.8660254037844384,-0.5000000000000004,0.8660254037844392,-0.4999999999999992,AGS/MMA-specific
alpha_gal,Alpha-gal,2019-09-01,14,0,0,NA,0,0,0,2019,9,Sep,5.665753424657623,0,-1,-1.8369701987210297e-16,3.6739403974420594e-16,-1,AGS/MMA-specific
alpha_gal,Alpha-gal,2019-10-01,14,2.2857142857142856,5.862902555358256,256.50198679692375,1.566926618156574,0,5.670853438556989,2019,10,Oct,5.747945205479482,1,-0.8660254037844386,0.5000000000000001,-0.8660254037844387,-0.49999999999999983,AGS/MMA-specific
alpha_gal,Alpha-gal,2019-11-01,14,15.928571428571429,8.965440361695618,56.28527581333572,2.3961147253585464,10.752080278617875,21.105062578524983,2019,11,Nov,5.832876712328698,1,-0.5000000000000004,0.8660254037844384,-0.8660254037844392,0.4999999999999991,AGS/MMA-specific
alpha_gal,Alpha-gal,2019-12-01,14,0,0,NA,0,0,0,2019,12,Dec,5.915068493150784,1,-2.4492935982947064e-16,1,-4.898587196589413e-16,1,AGS/MMA-specific
alpha_gal,Alpha-gal,2020-01-01,14,1,3.7416573867739413,374.16573867739413,1,0,3.1603686564627917,2020,1,Jan,6,1,0.49999999999999994,0.8660254037844387,0.8660254037844386,0.5000000000000001,AGS/MMA-specific
alpha_gal,Alpha-gal,2020-02-01,14,0,0,NA,0,0,0,2020,2,Feb,6.084699453551821,1,0.8660254037844386,0.5000000000000001,0.8660254037844387,-0.4999999999999998,AGS/MMA-specific
alpha_gal,Alpha-gal,2020-03-01,14,0,0,NA,0,0,0,2020,3,Mar,6.163934426229616,1,1,6.123233995736766e-17,1.2246467991473532e-16,-1,AGS/MMA-specific
alpha_gal,Alpha-gal,2020-04-01,14,0,0,NA,0,0,0,2020,4,Apr,6.248633879781437,0,0.8660254037844387,-0.4999999999999998,-0.8660254037844384,-0.5000000000000004,AGS/MMA-specific
alpha_gal,Alpha-gal,2020-05-01,14,0.9285714285714286,3.474396144861517,374.16573867739413,0.9285714285714286,0,2.9346280381440213,2020,5,May,6.330601092896131,0,0.49999999999999994,-0.8660254037844387,-0.8660254037844386,0.5000000000000001,AGS/MMA-specific
alpha_gal,Alpha-gal,2020-06-01,14,6.928571428571429,10.579110662885723,152.6881951344331,2.8273862540918095,0.8203747855177408,13.036768071625117,2020,6,Jun,6.415300546448179,0,1.2246467991473532e-16,-1,-2.4492935982947064e-16,1,AGS/MMA-specific
alpha_gal,Alpha-gal,2020-07-01,14,1.0714285714285714,4.008918628686366,374.16573867739413,1.0714285714285714,0,3.386109274781562,2020,7,Jul,6.497267759562874,0,-0.4999999999999997,-0.8660254037844388,0.8660254037844384,0.5000000000000006,AGS/MMA-specific
alpha_gal,Alpha-gal,2020-08-01,14,0,0,NA,0,0,0,2020,8,Aug,6.5819672131146945,0,-0.8660254037844384,-0.5000000000000004,0.8660254037844392,-0.4999999999999992,AGS/MMA-specific
alpha_gal,Alpha-gal,2020-09-01,14,0,0,NA,0,0,0,2020,9,Sep,6.6666666666667425,0,-1,-1.8369701987210297e-16,3.6739403974420594e-16,-1,AGS/MMA-specific
alpha_gal,Alpha-gal,2020-10-01,14,0,0,NA,0,0,0,2020,10,Oct,6.748633879781437,1,-0.8660254037844386,0.5000000000000001,-0.8660254037844387,-0.49999999999999983,AGS/MMA-specific
alpha_gal,Alpha-gal,2020-11-01,14,5.642857142857143,9.84188179987127,174.41309518759212,2.630353552588882,0,11.325390513285718,2020,11,Nov,6.8333333333332575,1,-0.5000000000000004,0.8660254037844384,-0.8660254037844392,0.4999999999999991,AGS/MMA-specific
alpha_gal,Alpha-gal,2020-12-01,14,0,0,NA,0,0,0,2020,12,Dec,6.915300546448179,1,-2.4492935982947064e-16,1,-4.898587196589413e-16,1,AGS/MMA-specific
alpha_gal,Alpha-gal,2021-01-01,14,0,0,NA,0,0,0,2021,1,Jan,7,1,0.49999999999999994,0.8660254037844387,0.8660254037844386,0.5000000000000001,AGS/MMA-specific
alpha_gal,Alpha-gal,2021-02-01,14,0,0,NA,0,0,0,2021,2,Feb,7.084931506849216,1,0.8660254037844386,0.5000000000000001,0.8660254037844387,-0.4999999999999998,AGS/MMA-specific
alpha_gal,Alpha-gal,2021-03-01,14,4.571428571428571,9.28782731664065,203.17122255151423,2.48227626331352,0,9.93406040737268,2021,3,Mar,7.16164383561636,1,1,6.123233995736766e-17,1.2246467991473532e-16,-1,AGS/MMA-specific
alpha_gal,Alpha-gal,2021-04-01,14,6.571428571428571,9.254639466146244,140.83147013700807,2.4734064371739817,1.2279588298645958,11.914898312992547,2021,4,Apr,7.246575342465803,0,0.8660254037844387,-0.4999999999999998,-0.8660254037844384,-0.5000000000000004,AGS/MMA-specific
alpha_gal,Alpha-gal,2021-05-01,14,1.2142857142857142,4.543441112511214,374.16573867739413,1.2142857142857142,0,3.837590511419104,2021,5,May,7.328767123287662,0,0.49999999999999994,-0.8660254037844387,-0.8660254037844386,0.5000000000000001,AGS/MMA-specific
alpha_gal,Alpha-gal,2021-06-01,14,17.285714285714285,7.549106635159619,43.672517724063916,2.017583614642083,12.926989882848623,21.644438688579946,2021,6,Jun,7.413698630136878,0,1.2246467991473532e-16,-1,-2.4492935982947064e-16,1,AGS/MMA-specific
alpha_gal,Alpha-gal,2021-07-01,14,3.5714285714285716,7.143736209643175,200.0246138700089,1.9092438112839905,0,7.696099058872067,2021,7,Jul,7.495890410958964,0,-0.4999999999999997,-0.8660254037844388,0.8660254037844384,0.5000000000000006,AGS/MMA-specific
alpha_gal,Alpha-gal,2021-08-01,14,4.857142857142857,8.056121827597874,165.86133174466212,2.153089124641598,0.20567659769623958,9.508609116589474,2021,8,Aug,7.58082191780818,0,-0.8660254037844384,-0.5000000000000004,0.8660254037844392,-0.4999999999999992,AGS/MMA-specific
alpha_gal,Alpha-gal,2021-09-01,14,3.9285714285714284,7.907778893783452,201.28891729630607,2.113442807921423,0,8.494387028031584,2021,9,Sep,7.665753424657623,0,-1,-1.8369701987210297e-16,3.6739403974420594e-16,-1,AGS/MMA-specific
alpha_gal,Alpha-gal,2021-10-01,14,8.642857142857142,9.017991784437145,104.34040081166944,2.4101596838647117,3.4360237047655486,13.849690580948735,2021,10,Oct,7.747945205479482,1,-0.8660254037844386,0.5000000000000001,-0.8660254037844387,-0.49999999999999983,AGS/MMA-specific
alpha_gal,Alpha-gal,2021-11-01,14,2.9285714285714284,7.569821517195621,258.4817103432651,2.0231198997410944,0,7.299256248238235,2021,11,Nov,7.832876712328698,1,-0.5000000000000004,0.8660254037844384,-0.8660254037844392,0.4999999999999991,AGS/MMA-specific
alpha_gal,Alpha-gal,2021-12-01,14,1.2142857142857142,4.543441112511214,374.16573867739413,1.2142857142857142,0,3.837590511419104,2021,12,Dec,7.915068493150784,1,-2.4492935982947064e-16,1,-4.898587196589413e-16,1,AGS/MMA-specific
alpha_gal,Alpha-gal,2022-01-01,14,2.642857142857143,6.720887565666433,254.3038538360272,1.7962327575537815,0,6.523382091988061,2022,1,Jan,8,1,0.49999999999999994,0.8660254037844387,0.8660254037844386,0.5000000000000001,AGS/MMA-specific
alpha_gal,Alpha-gal,2022-02-01,14,8.071428571428571,10.026612939221652,124.22352314079923,2.679725026311562,2.282234616646142,13.860622526211,2022,2,Feb,8.084931506849216,1,0.8660254037844386,0.5000000000000001,0.8660254037844387,-0.4999999999999998,AGS/MMA-specific
alpha_gal,Alpha-gal,2022-03-01,14,20.928571428571427,3.221664302673523,15.393617828474174,0.8610260025574505,19.068437840246858,22.788705016895996,2022,3,Mar,8.16164383561636,1,1,6.123233995736766e-17,1.2246467991473532e-16,-1,AGS/MMA-specific
alpha_gal,Alpha-gal,2022-04-01,14,18.785714285714285,1.9681530361296535,10.47686026837078,0.5260110247097198,17.64933655497753,19.92209201645104,2022,4,Apr,8.246575342465803,0,0.8660254037844387,-0.4999999999999998,-0.8660254037844384,-0.5000000000000004,AGS/MMA-specific
alpha_gal,Alpha-gal,2022-05-01,14,20.214285714285715,3.355330350090995,16.59880738560916,0.896749756391769,18.276975647886292,22.15159578068514,2022,5,May,8.328767123287662,0,0.49999999999999994,-0.8660254037844387,-0.8660254037844386,0.5000000000000001,AGS/MMA-specific
alpha_gal,Alpha-gal,2022-06-01,14,4.714285714285714,7.868423470561807,166.9059524058565,2.102924628635217,0.17119325967853527,9.257378168892894,2022,6,Jun,8.413698630136878,0,1.2246467991473532e-16,-1,-2.4492935982947064e-16,1,AGS/MMA-specific
alpha_gal,Alpha-gal,2022-07-01,14,20.714285714285715,4.103067734654747,19.80791320178154,1.0965909784146255,18.345244935558892,23.08332649301254,2022,7,Jul,8.495890410958964,0,-0.4999999999999997,-0.8660254037844388,0.8660254037844384,0.5000000000000006,AGS/MMA-specific
alpha_gal,Alpha-gal,2022-08-01,14,32.357142857142854,2.7625835972632813,8.537785951807052,0.7383315230914774,30.762074576577593,33.95221113770812,2022,8,Aug,8.58082191780818,0,-0.8660254037844384,-0.5000000000000004,0.8660254037844392,-0.4999999999999992,AGS/MMA-specific
alpha_gal,Alpha-gal,2022-09-01,14,11.642857142857142,7.830975406944899,67.25991147069237,2.0929162126457466,7.121386556454456,16.164327729259828,2022,9,Sep,8.665753424657623,0,-1,-1.8369701987210297e-16,3.6739403974420594e-16,-1,AGS/MMA-specific
alpha_gal,Alpha-gal,2022-10-01,14,18.571428571428573,2.408775166385979,12.970327819001426,0.6437722424561235,17.180643196925597,19.96221394593155,2022,10,Oct,8.747945205479482,1,-0.8660254037844386,0.5000000000000001,-0.8660254037844387,-0.49999999999999983,AGS/MMA-specific
alpha_gal,Alpha-gal,2022-11-01,14,16.285714285714285,7.710418240961346,47.344673409411776,2.06069595474354,11.833851334586672,20.737577236841897,2022,11,Nov,8.832876712328698,1,-0.5000000000000004,0.8660254037844384,-0.8660254037844392,0.4999999999999991,AGS/MMA-specific
alpha_gal,Alpha-gal,2022-12-01,14,8.285714285714286,10.018663901620135,120.91490915748437,2.6776005566501726,2.5011099685999296,14.070318602828642,2022,12,Dec,8.915068493150784,1,-2.4492935982947064e-16,1,-4.898587196589413e-16,1,AGS/MMA-specific
alpha_gal,Alpha-gal,2023-01-01,14,25.428571428571427,3.390354774135812,13.332855853343082,0.9061104274592543,23.47103886179435,27.386103995348503,2023,1,Jan,9,1,0.49999999999999994,0.8660254037844387,0.8660254037844386,0.5000000000000001,AGS/MMA-specific
alpha_gal,Alpha-gal,2023-02-01,14,13.928571428571429,7.59011792463662,54.493154330724444,2.0285443428001364,9.546167812141102,18.310975045001754,2023,2,Feb,9.084931506849216,1,0.8660254037844386,0.5000000000000001,0.8660254037844387,-0.4999999999999998,AGS/MMA-specific
alpha_gal,Alpha-gal,2023-03-01,14,16.428571428571427,5.734031817065622,34.902802364747274,1.5324844645943136,13.117840024745709,19.739302832397144,2023,3,Mar,9.16164383561636,1,1,6.123233995736766e-17,1.2246467991473532e-16,-1,AGS/MMA-specific
alpha_gal,Alpha-gal,2023-04-01,14,18.857142857142858,6.010978966180811,31.876403608534602,1.6065017036109444,15.386506930107696,22.32777878417802,2023,4,Apr,9.246575342465803,0,0.8660254037844387,-0.4999999999999998,-0.8660254037844384,-0.5000000000000004,AGS/MMA-specific
alpha_gal,Alpha-gal,2023-05-01,14,20.285714285714285,6.426251107504537,31.678702642628004,1.7174878518327554,16.57530736275919,23.99612120866938,2023,5,May,9.328767123287662,0,0.49999999999999994,-0.8660254037844387,-0.8660254037844386,0.5000000000000001,AGS/MMA-specific
alpha_gal,Alpha-gal,2023-06-01,14,28.214285714285715,4.492362260695222,15.922296620185596,1.2006343169139113,25.620472968151287,30.808098460420144,2023,6,Jun,9.413698630136878,0,1.2246467991473532e-16,-1,-2.4492935982947064e-16,1,AGS/MMA-specific
alpha_gal,Alpha-gal,2023-07-01,14,27.714285714285715,4.8584355099554015,17.530437407055572,1.2984715081421034,24.909108566785545,30.519462861785886,2023,7,Jul,9.495890410958964,0,-0.4999999999999997,-0.8660254037844388,0.8660254037844384,0.5000000000000006,AGS/MMA-specific
alpha_gal,Alpha-gal,2023-08-01,14,65.85714285714286,3.2071349029490928,4.869836078230726,0.8571428571428572,64.00539829446046,67.70888741982526,2023,8,Aug,9.58082191780818,0,-0.8660254037844384,-0.5000000000000004,0.8660254037844392,-0.4999999999999992,AGS/MMA-specific
alpha_gal,Alpha-gal,2023-09-01,14,43.285714285714285,4.889998764017013,11.297026847564055,1.3069071426214072,40.46231305788765,46.10911551354092,2023,9,Sep,9.665753424657623,0,-1,-1.8369701987210297e-16,3.6739403974420594e-16,-1,AGS/MMA-specific
alpha_gal,Alpha-gal,2023-10-01,14,24.571428571428573,2.820646017500948,11.47937332703874,0.7538493576326373,22.942836047504414,26.20002109535273,2023,10,Oct,9.747945205479482,1,-0.8660254037844386,0.5000000000000001,-0.8660254037844387,-0.49999999999999983,AGS/MMA-specific
alpha_gal,Alpha-gal,2023-11-01,14,36,4.771711513621792,13.254754204504978,1.2752935451783745,33.24489579720733,38.75510420279267,2023,11,Nov,9.832876712328698,1,-0.5000000000000004,0.8660254037844384,-0.8660254037844392,0.4999999999999991,AGS/MMA-specific
alpha_gal,Alpha-gal,2023-12-01,14,34.642857142857146,4.6344386907177855,13.377761169082266,1.2386058400482254,31.967011908305192,37.318702377409096,2023,12,Dec,9.915068493150784,1,-2.4492935982947064e-16,1,-4.898587196589413e-16,1,AGS/MMA-specific
alpha_gal,Alpha-gal,2024-01-01,14,32.07142857142857,3.5833865742701194,11.173142993269861,0.95770034609174,30.002442761448407,34.14041438140873,2024,1,Jan,10,1,0.49999999999999994,0.8660254037844387,0.8660254037844386,0.5000000000000001,AGS/MMA-specific
alpha_gal,Alpha-gal,2024-02-01,14,22.642857142857142,2.9510661139308976,13.033099556792607,0.7887055945748438,20.9389622971608,24.346751988553486,2024,2,Feb,10.08469945355182,1,0.8660254037844386,0.5000000000000001,0.8660254037844387,-0.4999999999999998,AGS/MMA-specific
alpha_gal,Alpha-gal,2024-03-01,14,27.714285714285715,5.469194448187769,19.734206771811536,1.4617037004831996,24.556466854726136,30.872104573845295,2024,3,Mar,10.163934426229616,1,1,6.123233995736766e-17,1.2246467991473532e-16,-1,AGS/MMA-specific
alpha_gal,Alpha-gal,2024-04-01,14,20.857142857142858,10.861768823631904,52.07697381193378,2.9029298251695157,14.585744250935624,27.12854146335009,2024,4,Apr,10.248633879781437,0,0.8660254037844387,-0.4999999999999998,-0.8660254037844384,-0.5000000000000004,AGS/MMA-specific
alpha_gal,Alpha-gal,2024-05-01,14,17.928571428571427,7.819741149702568,43.61608609395855,2.0899137311031977,13.413587309184873,22.44355554795798,2024,5,May,10.330601092896131,0,0.49999999999999994,-0.8660254037844387,-0.8660254037844386,0.5000000000000001,AGS/MMA-specific
alpha_gal,Alpha-gal,2024-06-01,14,36.07142857142857,4.0471126595538305,11.219718264109629,1.0816363555518516,33.73469529120371,38.40816185165343,2024,6,Jun,10.41530054644818,0,1.2246467991473532e-16,-1,-2.4492935982947064e-16,1,AGS/MMA-specific
alpha_gal,Alpha-gal,2024-07-01,14,30.642857142857142,3.6921359850184463,12.04892862243782,0.9867648486655823,28.51108129250077,32.774632993213515,2024,7,Jul,10.497267759562874,0,-0.4999999999999997,-0.8660254037844388,0.8660254037844384,0.5000000000000006,AGS/MMA-specific
alpha_gal,Alpha-gal,2024-08-01,14,28.571428571428573,5.515213723654091,19.303248032789316,1.4740028691962388,25.387038973280795,31.75581816957635,2024,8,Aug,10.581967213114694,0,-0.8660254037844384,-0.5000000000000004,0.8660254037844392,-0.4999999999999992,AGS/MMA-specific
alpha_gal,Alpha-gal,2024-09-01,14,25.5,3.436232283721854,13.47542072047786,0.9183717076470689,23.515978547817063,27.484021452182937,2024,9,Sep,10.666666666666742,0,-1,-1.8369701987210297e-16,3.6739403974420594e-16,-1,AGS/MMA-specific
alpha_gal,Alpha-gal,2024-10-01,14,47.57142857142857,3.056249227510633,6.424547925698028,0.8168169641383795,45.80680280403692,49.33605433882022,2024,10,Oct,10.748633879781437,1,-0.8660254037844386,0.5000000000000001,-0.8660254037844387,-0.49999999999999983,AGS/MMA-specific
alpha_gal,Alpha-gal,2024-11-01,14,37.5,4.052539564652876,10.806772172407669,1.0830867569483633,35.160133318058826,39.839866681941174,2024,11,Nov,10.833333333333258,1,-0.5000000000000004,0.8660254037844384,-0.8660254037844392,0.4999999999999991,AGS/MMA-specific
alpha_gal,Alpha-gal,2024-12-01,14,33.07142857142857,3.3618741502616962,10.165494190856101,0.8984986605522174,31.130340227297758,35.01251691555938,2024,12,Dec,10.91530054644818,1,-2.4492935982947064e-16,1,-4.898587196589413e-16,1,AGS/MMA-specific
alpha_gal,Alpha-gal,2025-01-01,14,36.357142857142854,3.8751107747370934,10.658457926585326,1.0356669182044527,34.11972050851854,38.59456520576717,2025,1,Jan,11,1,0.49999999999999994,0.8660254037844387,0.8660254037844386,0.5000000000000001,AGS/MMA-specific
alpha_gal,Alpha-gal,2025-02-01,14,30.142857142857142,2.5071326821120348,8.317501788997273,0.6700593942604899,28.695281829528337,31.590432456185948,2025,2,Feb,11.084931506849216,1,0.8660254037844386,0.5000000000000001,0.8660254037844387,-0.4999999999999998,AGS/MMA-specific
alpha_gal,Alpha-gal,2025-03-01,14,35.42857142857143,3.5887492081672243,10.129534055310712,0.959133570287002,33.35648932596214,37.500653531180724,2025,3,Mar,11.16164383561636,1,1,6.123233995736766e-17,1.2246467991473532e-16,-1,AGS/MMA-specific
alpha_gal,Alpha-gal,2025-04-01,14,35.92857142857143,4.906264217449828,13.655606171828547,1.31125426790613,33.09577880753396,38.7613640496089,2025,4,Apr,11.246575342465803,0,0.8660254037844387,-0.4999999999999998,-0.8660254037844384,-0.5000000000000004,AGS/MMA-specific
alpha_gal,Alpha-gal,2025-05-01,14,39.714285714285715,3.3149677206589794,8.347041023242035,0.8859623899229175,37.80028033629138,41.62829109228005,2025,5,May,11.328767123287662,0,0.49999999999999994,-0.8660254037844387,-0.8660254037844386,0.5000000000000001,AGS/MMA-specific
alpha_gal,Alpha-gal,2025-06-01,14,59.92857142857143,9.05932826270406,15.116876719649206,2.4212073223826134,54.69787101849783,65.15927183864503,2025,6,Jun,11.413698630136878,0,1.2246467991473532e-16,-1,-2.4492935982947064e-16,1,AGS/MMA-specific
alpha_gal,Alpha-gal,2025-07-01,14,48.714285714285715,2.8937218894749326,5.940191561972003,0.7733797059302377,47.04350043804962,50.38507099052181,2025,7,Jul,11.495890410958964,0,-0.4999999999999997,-0.8660254037844388,0.8660254037844384,0.5000000000000006,AGS/MMA-specific
alpha_gal,Alpha-gal,2025-08-01,14,50.642857142857146,4.813556862687889,9.504907768354084,1.2864771851380385,47.86359215483045,53.42212213088384,2025,8,Aug,11.58082191780818,0,-0.8660254037844384,-0.5000000000000004,0.8660254037844392,-0.4999999999999992,AGS/MMA-specific
alpha_gal,Alpha-gal,2025-09-01,14,47.07142857142857,5.045398295084736,10.71860032339701,1.3484394142871752,44.15830232566351,49.984554817193626,2025,9,Sep,11.665753424657623,0,-1,-1.8369701987210297e-16,3.6739403974420594e-16,-1,AGS/MMA-specific
alpha_gal,Alpha-gal,2025-10-01,14,72.92857142857143,5.239851520419634,7.184909038773249,1.4004092247840567,69.9031712331266,75.95397162401626,2025,10,Oct,11.747945205479482,1,-0.8660254037844386,0.5000000000000001,-0.8660254037844387,-0.49999999999999983,AGS/MMA-specific
alpha_gal,Alpha-gal,2025-11-01,14,99.07142857142857,2.05554730553075,2.0748134302401224,0.5493681256858859,97.88459089183706,100.25826625102007,2025,11,Nov,11.832876712328698,1,-0.5000000000000004,0.8660254037844384,-0.8660254037844392,0.4999999999999991,AGS/MMA-specific
alpha_gal,Alpha-gal,2025-12-01,14,78,4.095025124371127,5.250032210732215,1.0944415004020076,75.6356028861994,80.3643971138006,2025,12,Dec,11.915068493150784,1,-2.4492935982947064e-16,1,-4.898587196589413e-16,1,AGS/MMA-specific
alpha_gal,Alpha-gal,2026-01-01,14,75.71428571428571,4.826665857163027,6.374841698139848,1.289980711281687,72.92745181819117,78.50111961038024,2026,1,Jan,12,1,0.49999999999999994,0.8660254037844387,0.8660254037844386,0.5000000000000001,AGS/MMA-specific
alpha_gal,Alpha-gal,2026-02-01,14,96.78571428571429,4.041678467563301,4.17590395172592,1.0801840066516721,94.45211861453163,99.11930995689696,2026,2,Feb,12.084931506849216,1,0.8660254037844386,0.5000000000000001,0.8660254037844387,-0.4999999999999998,AGS/MMA-specific
alpha-gal_syndrome,Alpha-gal syndrome,2014-02-01,14,0,0,NA,0,0,0,2014,2,Feb,0.08493150684921602,1,0.8660254037844386,0.5000000000000001,0.8660254037844387,-0.4999999999999998,AGS/MMA-specific
alpha-gal_syndrome,Alpha-gal syndrome,2014-03-01,14,0,0,NA,0,0,0,2014,3,Mar,0.16164383561635987,1,1,6.123233995736766e-17,1.2246467991473532e-16,-1,AGS/MMA-specific
alpha-gal_syndrome,Alpha-gal syndrome,2014-04-01,14,0,0,NA,0,0,0,2014,4,Apr,0.24657534246580326,0,0.8660254037844387,-0.4999999999999998,-0.8660254037844384,-0.5000000000000004,AGS/MMA-specific
alpha-gal_syndrome,Alpha-gal syndrome,2014-05-01,14,0,0,NA,0,0,0,2014,5,May,0.3287671232876619,0,0.49999999999999994,-0.8660254037844387,-0.8660254037844386,0.5000000000000001,AGS/MMA-specific
alpha-gal_syndrome,Alpha-gal syndrome,2014-06-01,14,0,0,NA,0,0,0,2014,6,Jun,0.4136986301368779,0,1.2246467991473532e-16,-1,-2.4492935982947064e-16,1,AGS/MMA-specific
alpha-gal_syndrome,Alpha-gal syndrome,2014-07-01,14,0,0,NA,0,0,0,2014,7,Jul,0.4958904109589639,0,-0.4999999999999997,-0.8660254037844388,0.8660254037844384,0.5000000000000006,AGS/MMA-specific
alpha-gal_syndrome,Alpha-gal syndrome,2014-08-01,14,0,0,NA,0,0,0,2014,8,Aug,0.5808219178081799,0,-0.8660254037844384,-0.5000000000000004,0.8660254037844392,-0.4999999999999992,AGS/MMA-specific
alpha-gal_syndrome,Alpha-gal syndrome,2014-09-01,14,0,0,NA,0,0,0,2014,9,Sep,0.6657534246576233,0,-1,-1.8369701987210297e-16,3.6739403974420594e-16,-1,AGS/MMA-specific
alpha-gal_syndrome,Alpha-gal syndrome,2014-10-01,14,0,0,NA,0,0,0,2014,10,Oct,0.747945205479482,1,-0.8660254037844386,0.5000000000000001,-0.8660254037844387,-0.49999999999999983,AGS/MMA-specific
alpha-gal_syndrome,Alpha-gal syndrome,2014-11-01,14,0,0,NA,0,0,0,2014,11,Nov,0.832876712328698,1,-0.5000000000000004,0.8660254037844384,-0.8660254037844392,0.4999999999999991,AGS/MMA-specific
alpha-gal_syndrome,Alpha-gal syndrome,2014-12-01,14,0,0,NA,0,0,0,2014,12,Dec,0.915068493150784,1,-2.4492935982947064e-16,1,-4.898587196589413e-16,1,AGS/MMA-specific
alpha-gal_syndrome,Alpha-gal syndrome,2015-01-01,14,7.142857142857143,26.72612419124244,374.16573867739413,7.142857142857143,0,22.574061831877085,2015,1,Jan,1,1,0.49999999999999994,0.8660254037844387,0.8660254037844386,0.5000000000000001,AGS/MMA-specific
alpha-gal_syndrome,Alpha-gal syndrome,2015-02-01,14,0,0,NA,0,0,0,2015,2,Feb,1.084931506849216,1,0.8660254037844386,0.5000000000000001,0.8660254037844387,-0.4999999999999998,AGS/MMA-specific
alpha-gal_syndrome,Alpha-gal syndrome,2015-03-01,14,6.357142857142857,23.78625053020577,374.16573867739413,6.357142857142857,0,20.090915030370603,2015,3,Mar,1.1616438356163599,1,1,6.123233995736766e-17,1.2246467991473532e-16,-1,AGS/MMA-specific
alpha-gal_syndrome,Alpha-gal syndrome,2015-04-01,14,0,0,NA,0,0,0,2015,4,Apr,1.2465753424658033,0,0.8660254037844387,-0.4999999999999998,-0.8660254037844384,-0.5000000000000004,AGS/MMA-specific
alpha-gal_syndrome,Alpha-gal syndrome,2015-05-01,14,0,0,NA,0,0,0,2015,5,May,1.3287671232876619,0,0.49999999999999994,-0.8660254037844387,-0.8660254037844386,0.5000000000000001,AGS/MMA-specific
alpha-gal_syndrome,Alpha-gal syndrome,2015-06-01,14,0,0,NA,0,0,0,2015,6,Jun,1.413698630136878,0,1.2246467991473532e-16,-1,-2.4492935982947064e-16,1,AGS/MMA-specific
alpha-gal_syndrome,Alpha-gal syndrome,2015-07-01,14,0,0,NA,0,0,0,2015,7,Jul,1.495890410958964,0,-0.4999999999999997,-0.8660254037844388,0.8660254037844384,0.5000000000000006,AGS/MMA-specific
alpha-gal_syndrome,Alpha-gal syndrome,2015-08-01,14,7.071428571428571,26.458862949330015,374.1657386773942,7.071428571428572,0,22.348321213558314,2015,8,Aug,1.58082191780818,0,-0.8660254037844384,-0.5000000000000004,0.8660254037844392,-0.4999999999999992,AGS/MMA-specific
alpha-gal_syndrome,Alpha-gal syndrome,2015-09-01,14,0,0,NA,0,0,0,2015,9,Sep,1.6657534246576233,0,-1,-1.8369701987210297e-16,3.6739403974420594e-16,-1,AGS/MMA-specific
alpha-gal_syndrome,Alpha-gal syndrome,2015-10-01,14,0,0,NA,0,0,0,2015,10,Oct,1.747945205479482,1,-0.8660254037844386,0.5000000000000001,-0.8660254037844387,-0.49999999999999983,AGS/MMA-specific
alpha-gal_syndrome,Alpha-gal syndrome,2015-11-01,14,0,0,NA,0,0,0,2015,11,Nov,1.832876712328698,1,-0.5000000000000004,0.8660254037844384,-0.8660254037844392,0.4999999999999991,AGS/MMA-specific
alpha-gal_syndrome,Alpha-gal syndrome,2015-12-01,14,0,0,NA,0,0,0,2015,12,Dec,1.915068493150784,1,-2.4492935982947064e-16,1,-4.898587196589413e-16,1,AGS/MMA-specific
alpha-gal_syndrome,Alpha-gal syndrome,2016-01-01,14,0,0,NA,0,0,0,2016,1,Jan,2,1,0.49999999999999994,0.8660254037844387,0.8660254037844386,0.5000000000000001,AGS/MMA-specific
alpha-gal_syndrome,Alpha-gal syndrome,2016-02-01,14,0,0,NA,0,0,0,2016,2,Feb,2.0846994535518206,1,0.8660254037844386,0.5000000000000001,0.8660254037844387,-0.4999999999999998,AGS/MMA-specific
alpha-gal_syndrome,Alpha-gal syndrome,2016-03-01,14,0,0,NA,0,0,0,2016,3,Mar,2.1639344262296163,1,1,6.123233995736766e-17,1.2246467991473532e-16,-1,AGS/MMA-specific
alpha-gal_syndrome,Alpha-gal syndrome,2016-04-01,14,0,0,NA,0,0,0,2016,4,Apr,2.248633879781437,0,0.8660254037844387,-0.4999999999999998,-0.8660254037844384,-0.5000000000000004,AGS/MMA-specific
alpha-gal_syndrome,Alpha-gal syndrome,2016-05-01,14,0,0,NA,0,0,0,2016,5,May,2.3306010928961314,0,0.49999999999999994,-0.8660254037844387,-0.8660254037844386,0.5000000000000001,AGS/MMA-specific
alpha-gal_syndrome,Alpha-gal syndrome,2016-06-01,14,0,0,NA,0,0,0,2016,6,Jun,2.4153005464481794,0,1.2246467991473532e-16,-1,-2.4492935982947064e-16,1,AGS/MMA-specific
alpha-gal_syndrome,Alpha-gal syndrome,2016-07-01,14,0,0,NA,0,0,0,2016,7,Jul,2.497267759562874,0,-0.4999999999999997,-0.8660254037844388,0.8660254037844384,0.5000000000000006,AGS/MMA-specific
alpha-gal_syndrome,Alpha-gal syndrome,2016-08-01,14,0,0,NA,0,0,0,2016,8,Aug,2.5819672131146945,0,-0.8660254037844384,-0.5000000000000004,0.8660254037844392,-0.4999999999999992,AGS/MMA-specific
alpha-gal_syndrome,Alpha-gal syndrome,2016-09-01,14,0,0,NA,0,0,0,2016,9,Sep,2.6666666666667425,0,-1,-1.8369701987210297e-16,3.6739403974420594e-16,-1,AGS/MMA-specific
alpha-gal_syndrome,Alpha-gal syndrome,2016-10-01,14,0,0,NA,0,0,0,2016,10,Oct,2.748633879781437,1,-0.8660254037844386,0.5000000000000001,-0.8660254037844387,-0.49999999999999983,AGS/MMA-specific
alpha-gal_syndrome,Alpha-gal syndrome,2016-11-01,14,0,0,NA,0,0,0,2016,11,Nov,2.8333333333332575,1,-0.5000000000000004,0.8660254037844384,-0.8660254037844392,0.4999999999999991,AGS/MMA-specific
alpha-gal_syndrome,Alpha-gal syndrome,2016-12-01,14,0,0,NA,0,0,0,2016,12,Dec,2.9153005464481794,1,-2.4492935982947064e-16,1,-4.898587196589413e-16,1,AGS/MMA-specific
alpha-gal_syndrome,Alpha-gal syndrome,2017-01-01,14,0,0,NA,0,0,0,2017,1,Jan,3,1,0.49999999999999994,0.8660254037844387,0.8660254037844386,0.5000000000000001,AGS/MMA-specific
alpha-gal_syndrome,Alpha-gal syndrome,2017-02-01,14,0,0,NA,0,0,0,2017,2,Feb,3.084931506849216,1,0.8660254037844386,0.5000000000000001,0.8660254037844387,-0.4999999999999998,AGS/MMA-specific
alpha-gal_syndrome,Alpha-gal syndrome,2017-03-01,14,0,0,NA,0,0,0,2017,3,Mar,3.16164383561636,1,1,6.123233995736766e-17,1.2246467991473532e-16,-1,AGS/MMA-specific
alpha-gal_syndrome,Alpha-gal syndrome,2017-04-01,14,0,0,NA,0,0,0,2017,4,Apr,3.2465753424658033,0,0.8660254037844387,-0.4999999999999998,-0.8660254037844384,-0.5000000000000004,AGS/MMA-specific
alpha-gal_syndrome,Alpha-gal syndrome,2017-05-01,14,0,0,NA,0,0,0,2017,5,May,3.328767123287662,0,0.49999999999999994,-0.8660254037844387,-0.8660254037844386,0.5000000000000001,AGS/MMA-specific
alpha-gal_syndrome,Alpha-gal syndrome,2017-06-01,14,0,0,NA,0,0,0,2017,6,Jun,3.413698630136878,0,1.2246467991473532e-16,-1,-2.4492935982947064e-16,1,AGS/MMA-specific
alpha-gal_syndrome,Alpha-gal syndrome,2017-07-01,14,0,0,NA,0,0,0,2017,7,Jul,3.495890410958964,0,-0.4999999999999997,-0.8660254037844388,0.8660254037844384,0.5000000000000006,AGS/MMA-specific
alpha-gal_syndrome,Alpha-gal syndrome,2017-08-01,14,0,0,NA,0,0,0,2017,8,Aug,3.58082191780818,0,-0.8660254037844384,-0.5000000000000004,0.8660254037844392,-0.4999999999999992,AGS/MMA-specific
alpha-gal_syndrome,Alpha-gal syndrome,2017-09-01,14,0,0,NA,0,0,0,2017,9,Sep,3.6657534246576233,0,-1,-1.8369701987210297e-16,3.6739403974420594e-16,-1,AGS/MMA-specific
alpha-gal_syndrome,Alpha-gal syndrome,2017-10-01,14,0,0,NA,0,0,0,2017,10,Oct,3.747945205479482,1,-0.8660254037844386,0.5000000000000001,-0.8660254037844387,-0.49999999999999983,AGS/MMA-specific
alpha-gal_syndrome,Alpha-gal syndrome,2017-11-01,14,0,0,NA,0,0,0,2017,11,Nov,3.832876712328698,1,-0.5000000000000004,0.8660254037844384,-0.8660254037844392,0.4999999999999991,AGS/MMA-specific
alpha-gal_syndrome,Alpha-gal syndrome,2017-12-01,14,0,0,NA,0,0,0,2017,12,Dec,3.915068493150784,1,-2.4492935982947064e-16,1,-4.898587196589413e-16,1,AGS/MMA-specific
alpha-gal_syndrome,Alpha-gal syndrome,2018-01-01,14,0,0,NA,0,0,0,2018,1,Jan,4,1,0.49999999999999994,0.8660254037844387,0.8660254037844386,0.5000000000000001,AGS/MMA-specific
alpha-gal_syndrome,Alpha-gal syndrome,2018-02-01,14,0,0,NA,0,0,0,2018,2,Feb,4.084931506849216,1,0.8660254037844386,0.5000000000000001,0.8660254037844387,-0.4999999999999998,AGS/MMA-specific
alpha-gal_syndrome,Alpha-gal syndrome,2018-03-01,14,0,0,NA,0,0,0,2018,3,Mar,4.16164383561636,1,1,6.123233995736766e-17,1.2246467991473532e-16,-1,AGS/MMA-specific
alpha-gal_syndrome,Alpha-gal syndrome,2018-04-01,14,0,0,NA,0,0,0,2018,4,Apr,4.246575342465803,0,0.8660254037844387,-0.4999999999999998,-0.8660254037844384,-0.5000000000000004,AGS/MMA-specific
alpha-gal_syndrome,Alpha-gal syndrome,2018-05-01,14,0,0,NA,0,0,0,2018,5,May,4.328767123287662,0,0.49999999999999994,-0.8660254037844387,-0.8660254037844386,0.5000000000000001,AGS/MMA-specific
alpha-gal_syndrome,Alpha-gal syndrome,2018-06-01,14,0,0,NA,0,0,0,2018,6,Jun,4.413698630136878,0,1.2246467991473532e-16,-1,-2.4492935982947064e-16,1,AGS/MMA-specific
alpha-gal_syndrome,Alpha-gal syndrome,2018-07-01,14,0,0,NA,0,0,0,2018,7,Jul,4.495890410958964,0,-0.4999999999999997,-0.8660254037844388,0.8660254037844384,0.5000000000000006,AGS/MMA-specific
alpha-gal_syndrome,Alpha-gal syndrome,2018-08-01,14,0,0,NA,0,0,0,2018,8,Aug,4.58082191780818,0,-0.8660254037844384,-0.5000000000000004,0.8660254037844392,-0.4999999999999992,AGS/MMA-specific
alpha-gal_syndrome,Alpha-gal syndrome,2018-09-01,14,0,0,NA,0,0,0,2018,9,Sep,4.665753424657623,0,-1,-1.8369701987210297e-16,3.6739403974420594e-16,-1,AGS/MMA-specific
alpha-gal_syndrome,Alpha-gal syndrome,2018-10-01,14,0,0,NA,0,0,0,2018,10,Oct,4.747945205479482,1,-0.8660254037844386,0.5000000000000001,-0.8660254037844387,-0.49999999999999983,AGS/MMA-specific
alpha-gal_syndrome,Alpha-gal syndrome,2018-11-01,14,0,0,NA,0,0,0,2018,11,Nov,4.832876712328698,1,-0.5000000000000004,0.8660254037844384,-0.8660254037844392,0.4999999999999991,AGS/MMA-specific
alpha-gal_syndrome,Alpha-gal syndrome,2018-12-01,14,0,0,NA,0,0,0,2018,12,Dec,4.915068493150784,1,-2.4492935982947064e-16,1,-4.898587196589413e-16,1,AGS/MMA-specific
alpha-gal_syndrome,Alpha-gal syndrome,2019-01-01,14,0,0,NA,0,0,0,2019,1,Jan,5,1,0.49999999999999994,0.8660254037844387,0.8660254037844386,0.5000000000000001,AGS/MMA-specific
alpha-gal_syndrome,Alpha-gal syndrome,2019-02-01,14,0,0,NA,0,0,0,2019,2,Feb,5.084931506849216,1,0.8660254037844386,0.5000000000000001,0.8660254037844387,-0.4999999999999998,AGS/MMA-specific
alpha-gal_syndrome,Alpha-gal syndrome,2019-03-01,14,0,0,NA,0,0,0,2019,3,Mar,5.16164383561636,1,1,6.123233995736766e-17,1.2246467991473532e-16,-1,AGS/MMA-specific
alpha-gal_syndrome,Alpha-gal syndrome,2019-04-01,14,0,0,NA,0,0,0,2019,4,Apr,5.246575342465803,0,0.8660254037844387,-0.4999999999999998,-0.8660254037844384,-0.5000000000000004,AGS/MMA-specific
alpha-gal_syndrome,Alpha-gal syndrome,2019-05-01,14,0,0,NA,0,0,0,2019,5,May,5.328767123287662,0,0.49999999999999994,-0.8660254037844387,-0.8660254037844386,0.5000000000000001,AGS/MMA-specific
alpha-gal_syndrome,Alpha-gal syndrome,2019-06-01,14,0,0,NA,0,0,0,2019,6,Jun,5.413698630136878,0,1.2246467991473532e-16,-1,-2.4492935982947064e-16,1,AGS/MMA-specific
alpha-gal_syndrome,Alpha-gal syndrome,2019-07-01,14,0,0,NA,0,0,0,2019,7,Jul,5.495890410958964,0,-0.4999999999999997,-0.8660254037844388,0.8660254037844384,0.5000000000000006,AGS/MMA-specific
alpha-gal_syndrome,Alpha-gal syndrome,2019-08-01,14,0,0,NA,0,0,0,2019,8,Aug,5.58082191780818,0,-0.8660254037844384,-0.5000000000000004,0.8660254037844392,-0.4999999999999992,AGS/MMA-specific
alpha-gal_syndrome,Alpha-gal syndrome,2019-09-01,14,0,0,NA,0,0,0,2019,9,Sep,5.665753424657623,0,-1,-1.8369701987210297e-16,3.6739403974420594e-16,-1,AGS/MMA-specific
alpha-gal_syndrome,Alpha-gal syndrome,2019-10-01,14,0,0,NA,0,0,0,2019,10,Oct,5.747945205479482,1,-0.8660254037844386,0.5000000000000001,-0.8660254037844387,-0.49999999999999983,AGS/MMA-specific
alpha-gal_syndrome,Alpha-gal syndrome,2019-11-01,14,0,0,NA,0,0,0,2019,11,Nov,5.832876712328698,1,-0.5000000000000004,0.8660254037844384,-0.8660254037844392,0.4999999999999991,AGS/MMA-specific
alpha-gal_syndrome,Alpha-gal syndrome,2019-12-01,14,0,0,NA,0,0,0,2019,12,Dec,5.915068493150784,1,-2.4492935982947064e-16,1,-4.898587196589413e-16,1,AGS/MMA-specific
alpha-gal_syndrome,Alpha-gal syndrome,2020-01-01,14,0,0,NA,0,0,0,2020,1,Jan,6,1,0.49999999999999994,0.8660254037844387,0.8660254037844386,0.5000000000000001,AGS/MMA-specific
alpha-gal_syndrome,Alpha-gal syndrome,2020-02-01,14,0,0,NA,0,0,0,2020,2,Feb,6.084699453551821,1,0.8660254037844386,0.5000000000000001,0.8660254037844387,-0.4999999999999998,AGS/MMA-specific
alpha-gal_syndrome,Alpha-gal syndrome,2020-03-01,14,0,0,NA,0,0,0,2020,3,Mar,6.163934426229616,1,1,6.123233995736766e-17,1.2246467991473532e-16,-1,AGS/MMA-specific
alpha-gal_syndrome,Alpha-gal syndrome,2020-04-01,14,0,0,NA,0,0,0,2020,4,Apr,6.248633879781437,0,0.8660254037844387,-0.4999999999999998,-0.8660254037844384,-0.5000000000000004,AGS/MMA-specific
alpha-gal_syndrome,Alpha-gal syndrome,2020-05-01,14,0,0,NA,0,0,0,2020,5,May,6.330601092896131,0,0.49999999999999994,-0.8660254037844387,-0.8660254037844386,0.5000000000000001,AGS/MMA-specific
alpha-gal_syndrome,Alpha-gal syndrome,2020-06-01,14,0,0,NA,0,0,0,2020,6,Jun,6.415300546448179,0,1.2246467991473532e-16,-1,-2.4492935982947064e-16,1,AGS/MMA-specific
alpha-gal_syndrome,Alpha-gal syndrome,2020-07-01,14,0,0,NA,0,0,0,2020,7,Jul,6.497267759562874,0,-0.4999999999999997,-0.8660254037844388,0.8660254037844384,0.5000000000000006,AGS/MMA-specific
alpha-gal_syndrome,Alpha-gal syndrome,2020-08-01,14,0,0,NA,0,0,0,2020,8,Aug,6.5819672131146945,0,-0.8660254037844384,-0.5000000000000004,0.8660254037844392,-0.4999999999999992,AGS/MMA-specific
alpha-gal_syndrome,Alpha-gal syndrome,2020-09-01,14,0,0,NA,0,0,0,2020,9,Sep,6.6666666666667425,0,-1,-1.8369701987210297e-16,3.6739403974420594e-16,-1,AGS/MMA-specific
alpha-gal_syndrome,Alpha-gal syndrome,2020-10-01,14,0,0,NA,0,0,0,2020,10,Oct,6.748633879781437,1,-0.8660254037844386,0.5000000000000001,-0.8660254037844387,-0.49999999999999983,AGS/MMA-specific
alpha-gal_syndrome,Alpha-gal syndrome,2020-11-01,14,0,0,NA,0,0,0,2020,11,Nov,6.8333333333332575,1,-0.5000000000000004,0.8660254037844384,-0.8660254037844392,0.4999999999999991,AGS/MMA-specific
alpha-gal_syndrome,Alpha-gal syndrome,2020-12-01,14,0,0,NA,0,0,0,2020,12,Dec,6.915300546448179,1,-2.4492935982947064e-16,1,-4.898587196589413e-16,1,AGS/MMA-specific
alpha-gal_syndrome,Alpha-gal syndrome,2021-01-01,14,0,0,NA,0,0,0,2021,1,Jan,7,1,0.49999999999999994,0.8660254037844387,0.8660254037844386,0.5000000000000001,AGS/MMA-specific
alpha-gal_syndrome,Alpha-gal syndrome,2021-02-01,14,0,0,NA,0,0,0,2021,2,Feb,7.084931506849216,1,0.8660254037844386,0.5000000000000001,0.8660254037844387,-0.4999999999999998,AGS/MMA-specific
alpha-gal_syndrome,Alpha-gal syndrome,2021-03-01,14,0,0,NA,0,0,0,2021,3,Mar,7.16164383561636,1,1,6.123233995736766e-17,1.2246467991473532e-16,-1,AGS/MMA-specific
alpha-gal_syndrome,Alpha-gal syndrome,2021-04-01,14,0,0,NA,0,0,0,2021,4,Apr,7.246575342465803,0,0.8660254037844387,-0.4999999999999998,-0.8660254037844384,-0.5000000000000004,AGS/MMA-specific
alpha-gal_syndrome,Alpha-gal syndrome,2021-05-01,14,0,0,NA,0,0,0,2021,5,May,7.328767123287662,0,0.49999999999999994,-0.8660254037844387,-0.8660254037844386,0.5000000000000001,AGS/MMA-specific
alpha-gal_syndrome,Alpha-gal syndrome,2021-06-01,14,0,0,NA,0,0,0,2021,6,Jun,7.413698630136878,0,1.2246467991473532e-16,-1,-2.4492935982947064e-16,1,AGS/MMA-specific
alpha-gal_syndrome,Alpha-gal syndrome,2021-07-01,14,0,0,NA,0,0,0,2021,7,Jul,7.495890410958964,0,-0.4999999999999997,-0.8660254037844388,0.8660254037844384,0.5000000000000006,AGS/MMA-specific
alpha-gal_syndrome,Alpha-gal syndrome,2021-08-01,14,0,0,NA,0,0,0,2021,8,Aug,7.58082191780818,0,-0.8660254037844384,-0.5000000000000004,0.8660254037844392,-0.4999999999999992,AGS/MMA-specific
alpha-gal_syndrome,Alpha-gal syndrome,2021-09-01,14,0,0,NA,0,0,0,2021,9,Sep,7.665753424657623,0,-1,-1.8369701987210297e-16,3.6739403974420594e-16,-1,AGS/MMA-specific
alpha-gal_syndrome,Alpha-gal syndrome,2021-10-01,14,0,0,NA,0,0,0,2021,10,Oct,7.747945205479482,1,-0.8660254037844386,0.5000000000000001,-0.8660254037844387,-0.49999999999999983,AGS/MMA-specific
alpha-gal_syndrome,Alpha-gal syndrome,2021-11-01,14,0,0,NA,0,0,0,2021,11,Nov,7.832876712328698,1,-0.5000000000000004,0.8660254037844384,-0.8660254037844392,0.4999999999999991,AGS/MMA-specific
alpha-gal_syndrome,Alpha-gal syndrome,2021-12-01,14,7.142857142857143,26.72612419124244,374.16573867739413,7.142857142857143,0,22.574061831877085,2021,12,Dec,7.915068493150784,1,-2.4492935982947064e-16,1,-4.898587196589413e-16,1,AGS/MMA-specific
alpha-gal_syndrome,Alpha-gal syndrome,2022-01-01,14,0,0,NA,0,0,0,2022,1,Jan,8,1,0.49999999999999994,0.8660254037844387,0.8660254037844386,0.5000000000000001,AGS/MMA-specific
alpha-gal_syndrome,Alpha-gal syndrome,2022-02-01,14,0,0,NA,0,0,0,2022,2,Feb,8.084931506849216,1,0.8660254037844386,0.5000000000000001,0.8660254037844387,-0.4999999999999998,AGS/MMA-specific
alpha-gal_syndrome,Alpha-gal syndrome,2022-03-01,14,0,0,NA,0,0,0,2022,3,Mar,8.16164383561636,1,1,6.123233995736766e-17,1.2246467991473532e-16,-1,AGS/MMA-specific
alpha-gal_syndrome,Alpha-gal syndrome,2022-04-01,14,0,0,NA,0,0,0,2022,4,Apr,8.246575342465803,0,0.8660254037844387,-0.4999999999999998,-0.8660254037844384,-0.5000000000000004,AGS/MMA-specific
alpha-gal_syndrome,Alpha-gal syndrome,2022-05-01,14,0,0,NA,0,0,0,2022,5,May,8.328767123287662,0,0.49999999999999994,-0.8660254037844387,-0.8660254037844386,0.5000000000000001,AGS/MMA-specific
alpha-gal_syndrome,Alpha-gal syndrome,2022-06-01,14,0,0,NA,0,0,0,2022,6,Jun,8.413698630136878,0,1.2246467991473532e-16,-1,-2.4492935982947064e-16,1,AGS/MMA-specific
alpha-gal_syndrome,Alpha-gal syndrome,2022-07-01,14,6,22.44994432064365,374.16573867739413,6,0,18.96221193877675,2022,7,Jul,8.495890410958964,0,-0.4999999999999997,-0.8660254037844388,0.8660254037844384,0.5000000000000006,AGS/MMA-specific
alpha-gal_syndrome,Alpha-gal syndrome,2022-08-01,14,0,0,NA,0,0,0,2022,8,Aug,8.58082191780818,0,-0.8660254037844384,-0.5000000000000004,0.8660254037844392,-0.4999999999999992,AGS/MMA-specific
alpha-gal_syndrome,Alpha-gal syndrome,2022-09-01,14,0,0,NA,0,0,0,2022,9,Sep,8.665753424657623,0,-1,-1.8369701987210297e-16,3.6739403974420594e-16,-1,AGS/MMA-specific
alpha-gal_syndrome,Alpha-gal syndrome,2022-10-01,14,0,0,NA,0,0,0,2022,10,Oct,8.747945205479482,1,-0.8660254037844386,0.5000000000000001,-0.8660254037844387,-0.49999999999999983,AGS/MMA-specific
alpha-gal_syndrome,Alpha-gal syndrome,2022-11-01,14,0,0,NA,0,0,0,2022,11,Nov,8.832876712328698,1,-0.5000000000000004,0.8660254037844384,-0.8660254037844392,0.4999999999999991,AGS/MMA-specific
alpha-gal_syndrome,Alpha-gal syndrome,2022-12-01,14,0,0,NA,0,0,0,2022,12,Dec,8.915068493150784,1,-2.4492935982947064e-16,1,-4.898587196589413e-16,1,AGS/MMA-specific
alpha-gal_syndrome,Alpha-gal syndrome,2023-01-01,14,0,0,NA,0,0,0,2023,1,Jan,9,1,0.49999999999999994,0.8660254037844387,0.8660254037844386,0.5000000000000001,AGS/MMA-specific
alpha-gal_syndrome,Alpha-gal syndrome,2023-02-01,14,0,0,NA,0,0,0,2023,2,Feb,9.084931506849216,1,0.8660254037844386,0.5000000000000001,0.8660254037844387,-0.4999999999999998,AGS/MMA-specific
alpha-gal_syndrome,Alpha-gal syndrome,2023-03-01,14,0,0,NA,0,0,0,2023,3,Mar,9.16164383561636,1,1,6.123233995736766e-17,1.2246467991473532e-16,-1,AGS/MMA-specific
alpha-gal_syndrome,Alpha-gal syndrome,2023-04-01,14,0,0,NA,0,0,0,2023,4,Apr,9.246575342465803,0,0.8660254037844387,-0.4999999999999998,-0.8660254037844384,-0.5000000000000004,AGS/MMA-specific
alpha-gal_syndrome,Alpha-gal syndrome,2023-05-01,14,0,0,NA,0,0,0,2023,5,May,9.328767123287662,0,0.49999999999999994,-0.8660254037844387,-0.8660254037844386,0.5000000000000001,AGS/MMA-specific
alpha-gal_syndrome,Alpha-gal syndrome,2023-06-01,14,0,0,NA,0,0,0,2023,6,Jun,9.413698630136878,0,1.2246467991473532e-16,-1,-2.4492935982947064e-16,1,AGS/MMA-specific
alpha-gal_syndrome,Alpha-gal syndrome,2023-07-01,14,0,0,NA,0,0,0,2023,7,Jul,9.495890410958964,0,-0.4999999999999997,-0.8660254037844388,0.8660254037844384,0.5000000000000006,AGS/MMA-specific
alpha-gal_syndrome,Alpha-gal syndrome,2023-08-01,14,0,0,NA,0,0,0,2023,8,Aug,9.58082191780818,0,-0.8660254037844384,-0.5000000000000004,0.8660254037844392,-0.4999999999999992,AGS/MMA-specific
alpha-gal_syndrome,Alpha-gal syndrome,2023-09-01,14,7.142857142857143,26.72612419124244,374.16573867739413,7.142857142857143,0,22.574061831877085,2023,9,Sep,9.665753424657623,0,-1,-1.8369701987210297e-16,3.6739403974420594e-16,-1,AGS/MMA-specific
alpha-gal_syndrome,Alpha-gal syndrome,2023-10-01,14,0,0,NA,0,0,0,2023,10,Oct,9.747945205479482,1,-0.8660254037844386,0.5000000000000001,-0.8660254037844387,-0.49999999999999983,AGS/MMA-specific
alpha-gal_syndrome,Alpha-gal syndrome,2023-11-01,14,0,0,NA,0,0,0,2023,11,Nov,9.832876712328698,1,-0.5000000000000004,0.8660254037844384,-0.8660254037844392,0.4999999999999991,AGS/MMA-specific
alpha-gal_syndrome,Alpha-gal syndrome,2023-12-01,14,0,0,NA,0,0,0,2023,12,Dec,9.915068493150784,1,-2.4492935982947064e-16,1,-4.898587196589413e-16,1,AGS/MMA-specific
alpha-gal_syndrome,Alpha-gal syndrome,2024-01-01,14,0,0,NA,0,0,0,2024,1,Jan,10,1,0.49999999999999994,0.8660254037844387,0.8660254037844386,0.5000000000000001,AGS/MMA-specific
alpha-gal_syndrome,Alpha-gal syndrome,2024-02-01,14,4.928571428571429,18.441025691957282,374.16573867739413,4.928571428571429,0,15.576102663995188,2024,2,Feb,10.08469945355182,1,0.8660254037844386,0.5000000000000001,0.8660254037844387,-0.4999999999999998,AGS/MMA-specific
alpha-gal_syndrome,Alpha-gal syndrome,2024-03-01,14,6.428571428571429,24.053511772118195,374.16573867739413,6.428571428571429,0,20.316655648689377,2024,3,Mar,10.163934426229616,1,1,6.123233995736766e-17,1.2246467991473532e-16,-1,AGS/MMA-specific
alpha-gal_syndrome,Alpha-gal syndrome,2024-04-01,14,0,0,NA,0,0,0,2024,4,Apr,10.248633879781437,0,0.8660254037844387,-0.4999999999999998,-0.8660254037844384,-0.5000000000000004,AGS/MMA-specific
alpha-gal_syndrome,Alpha-gal syndrome,2024-05-01,14,0,0,NA,0,0,0,2024,5,May,10.330601092896131,0,0.49999999999999994,-0.8660254037844387,-0.8660254037844386,0.5000000000000001,AGS/MMA-specific
alpha-gal_syndrome,Alpha-gal syndrome,2024-06-01,14,12.428571428571429,32.001716986903844,257.48507920497343,8.552818625249849,0,30.905812710972384,2024,6,Jun,10.41530054644818,0,1.2246467991473532e-16,-1,-2.4492935982947064e-16,1,AGS/MMA-specific
alpha-gal_syndrome,Alpha-gal syndrome,2024-07-01,14,0,0,NA,0,0,0,2024,7,Jul,10.497267759562874,0,-0.4999999999999997,-0.8660254037844388,0.8660254037844384,0.5000000000000006,AGS/MMA-specific
alpha-gal_syndrome,Alpha-gal syndrome,2024-08-01,14,0,0,NA,0,0,0,2024,8,Aug,10.581967213114694,0,-0.8660254037844384,-0.5000000000000004,0.8660254037844392,-0.4999999999999992,AGS/MMA-specific
alpha-gal_syndrome,Alpha-gal syndrome,2024-09-01,14,0,0,NA,0,0,0,2024,9,Sep,10.666666666666742,0,-1,-1.8369701987210297e-16,3.6739403974420594e-16,-1,AGS/MMA-specific
alpha-gal_syndrome,Alpha-gal syndrome,2024-10-01,14,0,0,NA,0,0,0,2024,10,Oct,10.748633879781437,1,-0.8660254037844386,0.5000000000000001,-0.8660254037844387,-0.49999999999999983,AGS/MMA-specific
alpha-gal_syndrome,Alpha-gal syndrome,2024-11-01,14,4.642857142857143,17.371980724307583,374.1657386773941,4.642857142857142,0,14.673140190720105,2024,11,Nov,10.833333333333258,1,-0.5000000000000004,0.8660254037844384,-0.8660254037844392,0.4999999999999991,AGS/MMA-specific
alpha-gal_syndrome,Alpha-gal syndrome,2024-12-01,14,0,0,NA,0,0,0,2024,12,Dec,10.91530054644818,1,-2.4492935982947064e-16,1,-4.898587196589413e-16,1,AGS/MMA-specific
alpha-gal_syndrome,Alpha-gal syndrome,2025-01-01,14,0,0,NA,0,0,0,2025,1,Jan,11,1,0.49999999999999994,0.8660254037844387,0.8660254037844386,0.5000000000000001,AGS/MMA-specific
alpha-gal_syndrome,Alpha-gal syndrome,2025-02-01,14,0,0,NA,0,0,0,2025,2,Feb,11.084931506849216,1,0.8660254037844386,0.5000000000000001,0.8660254037844387,-0.4999999999999998,AGS/MMA-specific
alpha-gal_syndrome,Alpha-gal syndrome,2025-03-01,14,0,0,NA,0,0,0,2025,3,Mar,11.16164383561636,1,1,6.123233995736766e-17,1.2246467991473532e-16,-1,AGS/MMA-specific
alpha-gal_syndrome,Alpha-gal syndrome,2025-04-01,14,0,0,NA,0,0,0,2025,4,Apr,11.246575342465803,0,0.8660254037844387,-0.4999999999999998,-0.8660254037844384,-0.5000000000000004,AGS/MMA-specific
alpha-gal_syndrome,Alpha-gal syndrome,2025-05-01,14,6.571428571428571,24.588034255943043,374.16573867739413,6.571428571428571,0,20.768136885326918,2025,5,May,11.328767123287662,0,0.49999999999999994,-0.8660254037844387,-0.8660254037844386,0.5000000000000001,AGS/MMA-specific
alpha-gal_syndrome,Alpha-gal syndrome,2025-06-01,14,0,0,NA,0,0,0,2025,6,Jun,11.413698630136878,0,1.2246467991473532e-16,-1,-2.4492935982947064e-16,1,AGS/MMA-specific
alpha-gal_syndrome,Alpha-gal syndrome,2025-07-01,14,0,0,NA,0,0,0,2025,7,Jul,11.495890410958964,0,-0.4999999999999997,-0.8660254037844388,0.8660254037844384,0.5000000000000006,AGS/MMA-specific
alpha-gal_syndrome,Alpha-gal syndrome,2025-08-01,14,5.071428571428571,18.97554817578213,374.16573867739413,5.071428571428571,0,16.027583900632727,2025,8,Aug,11.58082191780818,0,-0.8660254037844384,-0.5000000000000004,0.8660254037844392,-0.4999999999999992,AGS/MMA-specific
alpha-gal_syndrome,Alpha-gal syndrome,2025-09-01,14,0,0,NA,0,0,0,2025,9,Sep,11.665753424657623,0,-1,-1.8369701987210297e-16,3.6739403974420594e-16,-1,AGS/MMA-specific
alpha-gal_syndrome,Alpha-gal syndrome,2025-10-01,14,0,0,NA,0,0,0,2025,10,Oct,11.747945205479482,1,-0.8660254037844386,0.5000000000000001,-0.8660254037844387,-0.49999999999999983,AGS/MMA-specific
alpha-gal_syndrome,Alpha-gal syndrome,2025-11-01,14,96.85714285714286,7.209578488235077,7.443517613222056,1.9268409004308058,92.69445616986161,101.01982954442411,2025,11,Nov,11.832876712328698,1,-0.5000000000000004,0.8660254037844384,-0.8660254037844392,0.4999999999999991,AGS/MMA-specific
alpha-gal_syndrome,Alpha-gal syndrome,2025-12-01,14,16.5,33.04949667951436,200.2999798758446,8.832849527147555,0,35.58221126570177,2025,12,Dec,11.915068493150784,1,-2.4492935982947064e-16,1,-4.898587196589413e-16,1,AGS/MMA-specific
alpha-gal_syndrome,Alpha-gal syndrome,2026-01-01,14,0,0,NA,0,0,0,2026,1,Jan,12,1,0.49999999999999994,0.8660254037844387,0.8660254037844386,0.5000000000000001,AGS/MMA-specific
alpha-gal_syndrome,Alpha-gal syndrome,2026-02-01,14,14.5,28.851743048264467,198.97753826389288,7.710952678417319,0,31.158500477920587,2026,2,Feb,12.084931506849216,1,0.8660254037844386,0.5000000000000001,0.8660254037844387,-0.4999999999999998,AGS/MMA-specific
mammalian_meat_allergy,Mammalian meat allergy,2014-02-01,14,0,0,NA,0,0,0,2014,2,Feb,0.08493150684921602,1,0.8660254037844386,0.5000000000000001,0.8660254037844387,-0.4999999999999998,AGS/MMA-specific
mammalian_meat_allergy,Mammalian meat allergy,2014-03-01,14,0,0,NA,0,0,0,2014,3,Mar,0.16164383561635987,1,1,6.123233995736766e-17,1.2246467991473532e-16,-1,AGS/MMA-specific
mammalian_meat_allergy,Mammalian meat allergy,2014-04-01,14,0,0,NA,0,0,0,2014,4,Apr,0.24657534246580326,0,0.8660254037844387,-0.4999999999999998,-0.8660254037844384,-0.5000000000000004,AGS/MMA-specific
mammalian_meat_allergy,Mammalian meat allergy,2014-05-01,14,0,0,NA,0,0,0,2014,5,May,0.3287671232876619,0,0.49999999999999994,-0.8660254037844387,-0.8660254037844386,0.5000000000000001,AGS/MMA-specific
mammalian_meat_allergy,Mammalian meat allergy,2014-06-01,14,0,0,NA,0,0,0,2014,6,Jun,0.4136986301368779,0,1.2246467991473532e-16,-1,-2.4492935982947064e-16,1,AGS/MMA-specific
mammalian_meat_allergy,Mammalian meat allergy,2014-07-01,14,0,0,NA,0,0,0,2014,7,Jul,0.4958904109589639,0,-0.4999999999999997,-0.8660254037844388,0.8660254037844384,0.5000000000000006,AGS/MMA-specific
mammalian_meat_allergy,Mammalian meat allergy,2014-08-01,14,0,0,NA,0,0,0,2014,8,Aug,0.5808219178081799,0,-0.8660254037844384,-0.5000000000000004,0.8660254037844392,-0.4999999999999992,AGS/MMA-specific
mammalian_meat_allergy,Mammalian meat allergy,2014-09-01,14,0,0,NA,0,0,0,2014,9,Sep,0.6657534246576233,0,-1,-1.8369701987210297e-16,3.6739403974420594e-16,-1,AGS/MMA-specific
mammalian_meat_allergy,Mammalian meat allergy,2014-10-01,14,0,0,NA,0,0,0,2014,10,Oct,0.747945205479482,1,-0.8660254037844386,0.5000000000000001,-0.8660254037844387,-0.49999999999999983,AGS/MMA-specific
mammalian_meat_allergy,Mammalian meat allergy,2014-11-01,14,0,0,NA,0,0,0,2014,11,Nov,0.832876712328698,1,-0.5000000000000004,0.8660254037844384,-0.8660254037844392,0.4999999999999991,AGS/MMA-specific
mammalian_meat_allergy,Mammalian meat allergy,2014-12-01,14,0,0,NA,0,0,0,2014,12,Dec,0.915068493150784,1,-2.4492935982947064e-16,1,-4.898587196589413e-16,1,AGS/MMA-specific
mammalian_meat_allergy,Mammalian meat allergy,2015-01-01,14,0,0,NA,0,0,0,2015,1,Jan,1,1,0.49999999999999994,0.8660254037844387,0.8660254037844386,0.5000000000000001,AGS/MMA-specific
mammalian_meat_allergy,Mammalian meat allergy,2015-02-01,14,76.92857142857143,6.486249191283709,8.431521697119027,1.7335230142159423,73.18352264340241,80.67362021374045,2015,2,Feb,1.084931506849216,1,0.8660254037844386,0.5000000000000001,0.8660254037844387,-0.4999999999999998,AGS/MMA-specific
mammalian_meat_allergy,Mammalian meat allergy,2015-03-01,14,13.357142857142858,19.109430385815525,143.06525422535688,5.107210097152076,2.3236862412852233,24.390599473000492,2015,3,Mar,1.1616438356163599,1,1,6.123233995736766e-17,1.2246467991473532e-16,-1,AGS/MMA-specific
mammalian_meat_allergy,Mammalian meat allergy,2015-04-01,14,0,0,NA,0,0,0,2015,4,Apr,1.2465753424658033,0,0.8660254037844387,-0.4999999999999998,-0.8660254037844384,-0.5000000000000004,AGS/MMA-specific
mammalian_meat_allergy,Mammalian meat allergy,2015-05-01,14,0,0,NA,0,0,0,2015,5,May,1.3287671232876619,0,0.49999999999999994,-0.8660254037844387,-0.8660254037844386,0.5000000000000001,AGS/MMA-specific
mammalian_meat_allergy,Mammalian meat allergy,2015-06-01,14,2.0714285714285716,7.750576015460307,374.16573867739413,2.0714285714285716,0,6.546477931244356,2015,6,Jun,1.413698630136878,0,1.2246467991473532e-16,-1,-2.4492935982947064e-16,1,AGS/MMA-specific
mammalian_meat_allergy,Mammalian meat allergy,2015-07-01,14,0,0,NA,0,0,0,2015,7,Jul,1.495890410958964,0,-0.4999999999999997,-0.8660254037844388,0.8660254037844384,0.5000000000000006,AGS/MMA-specific
mammalian_meat_allergy,Mammalian meat allergy,2015-08-01,14,0,0,NA,0,0,0,2015,8,Aug,1.58082191780818,0,-0.8660254037844384,-0.5000000000000004,0.8660254037844392,-0.4999999999999992,AGS/MMA-specific
mammalian_meat_allergy,Mammalian meat allergy,2015-09-01,14,0,0,NA,0,0,0,2015,9,Sep,1.6657534246576233,0,-1,-1.8369701987210297e-16,3.6739403974420594e-16,-1,AGS/MMA-specific
mammalian_meat_allergy,Mammalian meat allergy,2015-10-01,14,2.7142857142857144,10.155927192672127,374.16573867739413,2.7142857142857144,0,8.578143496113292,2015,10,Oct,1.747945205479482,1,-0.8660254037844386,0.5000000000000001,-0.8660254037844387,-0.49999999999999983,AGS/MMA-specific
mammalian_meat_allergy,Mammalian meat allergy,2015-11-01,14,0,0,NA,0,0,0,2015,11,Nov,1.832876712328698,1,-0.5000000000000004,0.8660254037844384,-0.8660254037844392,0.4999999999999991,AGS/MMA-specific
mammalian_meat_allergy,Mammalian meat allergy,2015-12-01,14,0,0,NA,0,0,0,2015,12,Dec,1.915068493150784,1,-2.4492935982947064e-16,1,-4.898587196589413e-16,1,AGS/MMA-specific
mammalian_meat_allergy,Mammalian meat allergy,2016-01-01,14,4.785714285714286,12.17929246036751,254.49267827633602,3.2550528285724476,0,11.817828391692753,2016,1,Jan,2,1,0.49999999999999994,0.8660254037844387,0.8660254037844386,0.5000000000000001,AGS/MMA-specific
mammalian_meat_allergy,Mammalian meat allergy,2016-02-01,14,0,0,NA,0,0,0,2016,2,Feb,2.0846994535518206,1,0.8660254037844386,0.5000000000000001,0.8660254037844387,-0.4999999999999998,AGS/MMA-specific
mammalian_meat_allergy,Mammalian meat allergy,2016-03-01,14,0,0,NA,0,0,0,2016,3,Mar,2.1639344262296163,1,1,6.123233995736766e-17,1.2246467991473532e-16,-1,AGS/MMA-specific
mammalian_meat_allergy,Mammalian meat allergy,2016-04-01,14,2.2857142857142856,8.55235974119758,374.1657386773942,2.285714285714286,0,7.223699786200667,2016,4,Apr,2.248633879781437,0,0.8660254037844387,-0.4999999999999998,-0.8660254037844384,-0.5000000000000004,AGS/MMA-specific
mammalian_meat_allergy,Mammalian meat allergy,2016-05-01,14,4.428571428571429,11.284531861830128,254.81200978326095,3.0159179997930425,0,10.944066145786273,2016,5,May,2.3306010928961314,0,0.49999999999999994,-0.8660254037844387,-0.8660254037844386,0.5000000000000001,AGS/MMA-specific
mammalian_meat_allergy,Mammalian meat allergy,2016-06-01,14,55.214285714285715,6.459085091542007,11.698213619869094,1.726263103183542,51.484921013359795,58.943650415211636,2016,6,Jun,2.4153005464481794,0,1.2246467991473532e-16,-1,-2.4492935982947064e-16,1,AGS/MMA-specific
mammalian_meat_allergy,Mammalian meat allergy,2016-07-01,14,3.9285714285714284,14.699368305183341,374.1657386773942,3.928571428571429,0,12.415734007532397,2016,7,Jul,2.497267759562874,0,-0.4999999999999997,-0.8660254037844388,0.8660254037844384,0.5000000000000006,AGS/MMA-specific
mammalian_meat_allergy,Mammalian meat allergy,2016-08-01,14,2.0714285714285716,7.750576015460307,374.16573867739413,2.0714285714285716,0,6.546477931244356,2016,8,Aug,2.5819672131146945,0,-0.8660254037844384,-0.5000000000000004,0.8660254037844392,-0.4999999999999992,AGS/MMA-specific
mammalian_meat_allergy,Mammalian meat allergy,2016-09-01,14,21.928571428571427,17.264745250695956,78.73173729959069,4.6141972570026315,11.960204299806353,31.8969385573365,2016,9,Sep,2.6666666666667425,0,-1,-1.8369701987210297e-16,3.6739403974420594e-16,-1,AGS/MMA-specific
mammalian_meat_allergy,Mammalian meat allergy,2016-10-01,14,26.642857142857142,15.021047504480777,56.3792667728501,4.014543810873056,17.969962523850306,35.31575176186398,2016,10,Oct,2.748633879781437,1,-0.8660254037844386,0.5000000000000001,-0.8660254037844387,-0.49999999999999983,AGS/MMA-specific
mammalian_meat_allergy,Mammalian meat allergy,2016-11-01,14,35.714285714285715,20.47297870713632,57.3243403799817,5.471633714915874,23.893539736936397,47.535031691635034,2016,11,Nov,2.8333333333332575,1,-0.5000000000000004,0.8660254037844384,-0.8660254037844392,0.4999999999999991,AGS/MMA-specific
mammalian_meat_allergy,Mammalian meat allergy,2016-12-01,14,50.42857142857143,10.382783721247293,20.589089532218427,2.7749156718486545,44.433730586782204,56.42341227036066,2016,12,Dec,2.9153005464481794,1,-2.4492935982947064e-16,1,-4.898587196589413e-16,1,AGS/MMA-specific
mammalian_meat_allergy,Mammalian meat allergy,2017-01-01,14,0,0,NA,0,0,0,2017,1,Jan,3,1,0.49999999999999994,0.8660254037844387,0.8660254037844386,0.5000000000000001,AGS/MMA-specific
mammalian_meat_allergy,Mammalian meat allergy,2017-02-01,14,0,0,NA,0,0,0,2017,2,Feb,3.084931506849216,1,0.8660254037844386,0.5000000000000001,0.8660254037844387,-0.4999999999999998,AGS/MMA-specific
mammalian_meat_allergy,Mammalian meat allergy,2017-03-01,14,5.285714285714286,10.520518935932708,199.03684473386204,2.811726956380553,0,11.360081072810356,2017,3,Mar,3.16164383561636,1,1,6.123233995736766e-17,1.2246467991473532e-16,-1,AGS/MMA-specific
mammalian_meat_allergy,Mammalian meat allergy,2017-04-01,14,2.7142857142857144,10.155927192672127,374.16573867739413,2.7142857142857144,0,8.578143496113292,2017,4,Apr,3.2465753424658033,0,0.8660254037844387,-0.4999999999999998,-0.8660254037844384,-0.5000000000000004,AGS/MMA-specific
mammalian_meat_allergy,Mammalian meat allergy,2017-05-01,14,6.428571428571429,12.792511545757996,198.99462404512437,3.41894252289831,0,13.814747693288759,2017,5,May,3.328767123287662,0,0.49999999999999994,-0.8660254037844387,-0.8660254037844386,0.5000000000000001,AGS/MMA-specific
mammalian_meat_allergy,Mammalian meat allergy,2017-06-01,14,10,16.501748159140362,165.01748159140362,4.410277706737916,0.47217427606680573,19.527825723933194,2017,6,Jun,3.413698630136878,0,1.2246467991473532e-16,-1,-2.4492935982947064e-16,1,AGS/MMA-specific
mammalian_meat_allergy,Mammalian meat allergy,2017-07-01,14,0,0,NA,0,0,0,2017,7,Jul,3.495890410958964,0,-0.4999999999999997,-0.8660254037844388,0.8660254037844384,0.5000000000000006,AGS/MMA-specific
mammalian_meat_allergy,Mammalian meat allergy,2017-08-01,14,0,0,NA,0,0,0,2017,8,Aug,3.58082191780818,0,-0.8660254037844384,-0.5000000000000004,0.8660254037844392,-0.4999999999999992,AGS/MMA-specific
mammalian_meat_allergy,Mammalian meat allergy,2017-09-01,14,4.571428571428571,11.679793766055221,255.49548863245798,3.121556187196911,0,11.315140717636275,2017,9,Sep,3.6657534246576233,0,-1,-1.8369701987210297e-16,3.6739403974420594e-16,-1,AGS/MMA-specific
mammalian_meat_allergy,Mammalian meat allergy,2017-10-01,14,0,0,NA,0,0,0,2017,10,Oct,3.747945205479482,1,-0.8660254037844386,0.5000000000000001,-0.8660254037844387,-0.49999999999999983,AGS/MMA-specific
mammalian_meat_allergy,Mammalian meat allergy,2017-11-01,14,4.642857142857143,11.933193156112864,257.02262182396936,3.189280022883567,0,11.532877740977737,2017,11,Nov,3.832876712328698,1,-0.5000000000000004,0.8660254037844384,-0.8660254037844392,0.4999999999999991,AGS/MMA-specific
mammalian_meat_allergy,Mammalian meat allergy,2017-12-01,14,2.142857142857143,8.017837257372731,374.16573867739413,2.142857142857143,0,6.772218549563124,2017,12,Dec,3.915068493150784,1,-2.4492935982947064e-16,1,-4.898587196589413e-16,1,AGS/MMA-specific
mammalian_meat_allergy,Mammalian meat allergy,2018-01-01,14,4.428571428571429,11.366037708313886,256.6524643812813,3.037701353547415,0,10.991126220469862,2018,1,Jan,4,1,0.49999999999999994,0.8660254037844387,0.8660254037844386,0.5000000000000001,AGS/MMA-specific
mammalian_meat_allergy,Mammalian meat allergy,2018-02-01,14,0,0,NA,0,0,0,2018,2,Feb,4.084931506849216,1,0.8660254037844386,0.5000000000000001,0.8660254037844387,-0.4999999999999998,AGS/MMA-specific
mammalian_meat_allergy,Mammalian meat allergy,2018-03-01,14,0,0,NA,0,0,0,2018,3,Mar,4.16164383561636,1,1,6.123233995736766e-17,1.2246467991473532e-16,-1,AGS/MMA-specific
mammalian_meat_allergy,Mammalian meat allergy,2018-04-01,14,3.9285714285714284,10.003570791043995,254.6363474083926,2.673566753173272,0,9.704461243087959,2018,4,Apr,4.246575342465803,0,0.8660254037844387,-0.4999999999999998,-0.8660254037844384,-0.5000000000000004,AGS/MMA-specific
mammalian_meat_allergy,Mammalian meat allergy,2018-05-01,14,0,0,NA,0,0,0,2018,5,May,4.328767123287662,0,0.49999999999999994,-0.8660254037844387,-0.8660254037844386,0.5000000000000001,AGS/MMA-specific
mammalian_meat_allergy,Mammalian meat allergy,2018-06-01,14,3.7142857142857144,9.449693291144602,254.41481937697,2.525536764682811,0,9.170376181450905,2018,6,Jun,4.413698630136878,0,1.2246467991473532e-16,-1,-2.4492935982947064e-16,1,AGS/MMA-specific
mammalian_meat_allergy,Mammalian meat allergy,2018-07-01,14,9.714285714285714,13.584088947274768,139.8362097513579,3.6305004822974922,1.8710662650571628,17.557505163514264,2018,7,Jul,4.495890410958964,0,-0.4999999999999997,-0.8660254037844388,0.8660254037844384,0.5000000000000006,AGS/MMA-specific
mammalian_meat_allergy,Mammalian meat allergy,2018-08-01,14,2.2142857142857144,8.285098499285155,374.1657386773941,2.214285714285714,0,6.997959167881896,2018,8,Aug,4.58082191780818,0,-0.8660254037844384,-0.5000000000000004,0.8660254037844392,-0.4999999999999992,AGS/MMA-specific
mammalian_meat_allergy,Mammalian meat allergy,2018-09-01,14,14.285714285714286,14.901876863869667,104.31313804708766,3.982694117463831,5.681626746066685,22.889801825361886,2018,9,Sep,4.665753424657623,0,-1,-1.8369701987210297e-16,3.6739403974420594e-16,-1,AGS/MMA-specific
mammalian_meat_allergy,Mammalian meat allergy,2018-10-01,14,22.5,12.568275079005012,55.85900035113339,3.359012806311853,15.24329401658675,29.756705983413248,2018,10,Oct,4.747945205479482,1,-0.8660254037844386,0.5000000000000001,-0.8660254037844387,-0.49999999999999983,AGS/MMA-specific
mammalian_meat_allergy,Mammalian meat allergy,2018-11-01,14,10.428571428571429,14.851647335276601,142.41305663963863,3.9692697112713726,1.8534855552936396,19.003657301849216,2018,11,Nov,4.832876712328698,1,-0.5000000000000004,0.8660254037844384,-0.8660254037844392,0.4999999999999991,AGS/MMA-specific
mammalian_meat_allergy,Mammalian meat allergy,2018-12-01,14,1.8571428571428572,6.948792289723034,374.16573867739413,1.8571428571428572,0,5.869256076288043,2018,12,Dec,4.915068493150784,1,-2.4492935982947064e-16,1,-4.898587196589413e-16,1,AGS/MMA-specific
mammalian_meat_allergy,Mammalian meat allergy,2019-01-01,14,0,0,NA,0,0,0,2019,1,Jan,5,1,0.49999999999999994,0.8660254037844387,0.8660254037844386,0.5000000000000001,AGS/MMA-specific
mammalian_meat_allergy,Mammalian meat allergy,2019-02-01,14,0,0,NA,0,0,0,2019,2,Feb,5.084931506849216,1,0.8660254037844386,0.5000000000000001,0.8660254037844387,-0.4999999999999998,AGS/MMA-specific
mammalian_meat_allergy,Mammalian meat allergy,2019-03-01,14,0,0,NA,0,0,0,2019,3,Mar,5.16164383561636,1,1,6.123233995736766e-17,1.2246467991473532e-16,-1,AGS/MMA-specific
mammalian_meat_allergy,Mammalian meat allergy,2019-04-01,14,2.0714285714285716,7.750576015460307,374.16573867739413,2.0714285714285716,0,6.546477931244356,2019,4,Apr,5.246575342465803,0,0.8660254037844387,-0.4999999999999998,-0.8660254037844384,-0.5000000000000004,AGS/MMA-specific
mammalian_meat_allergy,Mammalian meat allergy,2019-05-01,14,5.642857142857143,11.22913204986951,198.99727683313054,3.001111777246733,0,12.126364960962329,2019,5,May,5.328767123287662,0,0.49999999999999994,-0.8660254037844387,-0.8660254037844386,0.5000000000000001,AGS/MMA-specific
mammalian_meat_allergy,Mammalian meat allergy,2019-06-01,14,2.5714285714285716,9.621404708847278,374.1657386773941,2.5714285714285716,0,8.12666225947575,2019,6,Jun,5.413698630136878,0,1.2246467991473532e-16,-1,-2.4492935982947064e-16,1,AGS/MMA-specific
mammalian_meat_allergy,Mammalian meat allergy,2019-07-01,14,0,0,NA,0,0,0,2019,7,Jul,5.495890410958964,0,-0.4999999999999997,-0.8660254037844388,0.8660254037844384,0.5000000000000006,AGS/MMA-specific
mammalian_meat_allergy,Mammalian meat allergy,2019-08-01,14,17.214285714285715,13.451786106333593,78.14315580442751,3.5951410607190115,9.447455651145969,24.98111577742546,2019,8,Aug,5.58082191780818,0,-0.8660254037844384,-0.5000000000000004,0.8660254037844392,-0.4999999999999992,AGS/MMA-specific
mammalian_meat_allergy,Mammalian meat allergy,2019-09-01,14,6.571428571428571,13.299591004204636,202.38508049876623,3.5544652087110387,0,14.250383798815374,2019,9,Sep,5.665753424657623,0,-1,-1.8369701987210297e-16,3.6739403974420594e-16,-1,AGS/MMA-specific
mammalian_meat_allergy,Mammalian meat allergy,2019-10-01,14,7.428571428571429,12.20790592333374,164.33719512180033,3.2627000982202174,0.37993640093839876,14.47720645620446,2019,10,Oct,5.747945205479482,1,-0.8660254037844386,0.5000000000000001,-0.8660254037844387,-0.49999999999999983,AGS/MMA-specific
mammalian_meat_allergy,Mammalian meat allergy,2019-11-01,14,0,0,NA,0,0,0,2019,11,Nov,5.832876712328698,1,-0.5000000000000004,0.8660254037844384,-0.8660254037844392,0.4999999999999991,AGS/MMA-specific
mammalian_meat_allergy,Mammalian meat allergy,2019-12-01,14,1.7142857142857142,6.4142698058981855,374.1657386773942,1.7142857142857144,0,5.4177748396505,2019,12,Dec,5.915068493150784,1,-2.4492935982947064e-16,1,-4.898587196589413e-16,1,AGS/MMA-specific
mammalian_meat_allergy,Mammalian meat allergy,2020-01-01,14,4.928571428571429,9.801603367379673,198.87311180190642,2.6195886886988924,0,10.587848724460981,2020,1,Jan,6,1,0.49999999999999994,0.8660254037844387,0.8660254037844386,0.5000000000000001,AGS/MMA-specific
mammalian_meat_allergy,Mammalian meat allergy,2020-02-01,14,10.857142857142858,13.09643018217115,120.62501483578691,3.5001681951064203,3.295489196087006,18.41879651819871,2020,2,Feb,6.084699453551821,1,0.8660254037844386,0.5000000000000001,0.8660254037844387,-0.4999999999999998,AGS/MMA-specific
mammalian_meat_allergy,Mammalian meat allergy,2020-03-01,14,1.4285714285714286,5.3452248382484875,374.16573867739413,1.4285714285714286,0,4.514812366375417,2020,3,Mar,6.163934426229616,1,1,6.123233995736766e-17,1.2246467991473532e-16,-1,AGS/MMA-specific
mammalian_meat_allergy,Mammalian meat allergy,2020-04-01,14,0,0,NA,0,0,0,2020,4,Apr,6.248633879781437,0,0.8660254037844387,-0.4999999999999998,-0.8660254037844384,-0.5000000000000004,AGS/MMA-specific
mammalian_meat_allergy,Mammalian meat allergy,2020-05-01,14,3.142857142857143,8.075196047700093,256.9380560631848,2.1581869243946277,0,7.80533652910713,2020,5,May,6.330601092896131,0,0.49999999999999994,-0.8660254037844387,-0.8660254037844386,0.5000000000000001,AGS/MMA-specific
mammalian_meat_allergy,Mammalian meat allergy,2020-06-01,14,3.5714285714285716,9.078412990032037,254.195563720897,2.4263079303098483,0,8.813148174997075,2020,6,Jun,6.415300546448179,0,1.2246467991473532e-16,-1,-2.4492935982947064e-16,1,AGS/MMA-specific
mammalian_meat_allergy,Mammalian meat allergy,2020-07-01,14,13.928571428571429,12.694422068308256,91.13944049041824,3.3927270073365516,6.599030341986735,21.25811251515612,2020,7,Jul,6.497267759562874,0,-0.4999999999999997,-0.8660254037844388,0.8660254037844384,0.5000000000000006,AGS/MMA-specific
mammalian_meat_allergy,Mammalian meat allergy,2020-08-01,14,5.357142857142857,10.781801924875673,201.2603025976792,2.88155777249604,0,11.582369950630042,2020,8,Aug,6.5819672131146945,0,-0.8660254037844384,-0.5000000000000004,0.8660254037844392,-0.4999999999999992,AGS/MMA-specific
mammalian_meat_allergy,Mammalian meat allergy,2020-09-01,14,0,0,NA,0,0,0,2020,9,Sep,6.6666666666667425,0,-1,-1.8369701987210297e-16,3.6739403974420594e-16,-1,AGS/MMA-specific
mammalian_meat_allergy,Mammalian meat allergy,2020-10-01,14,2,7.483314773547883,374.16573867739413,2,0,6.3207373129255835,2020,10,Oct,6.748633879781437,1,-0.8660254037844386,0.5000000000000001,-0.8660254037844387,-0.49999999999999983,AGS/MMA-specific
mammalian_meat_allergy,Mammalian meat allergy,2020-11-01,14,3.7142857142857144,9.449693291144602,254.41481937697,2.525536764682811,0,9.170376181450905,2020,11,Nov,6.8333333333332575,1,-0.5000000000000004,0.8660254037844384,-0.8660254037844392,0.4999999999999991,AGS/MMA-specific
mammalian_meat_allergy,Mammalian meat allergy,2020-12-01,14,4.428571428571429,11.366037708313886,256.6524643812813,3.037701353547415,0,10.991126220469862,2020,12,Dec,6.915300546448179,1,-2.4492935982947064e-16,1,-4.898587196589413e-16,1,AGS/MMA-specific
mammalian_meat_allergy,Mammalian meat allergy,2021-01-01,14,3.857142857142857,9.812528434899656,254.39888534925035,2.62250853581226,0,9.522728099217792,2021,1,Jan,7,1,0.49999999999999994,0.8660254037844387,0.8660254037844386,0.5000000000000001,AGS/MMA-specific
mammalian_meat_allergy,Mammalian meat allergy,2021-02-01,14,0,0,NA,0,0,0,2021,2,Feb,7.084931506849216,1,0.8660254037844386,0.5000000000000001,0.8660254037844387,-0.4999999999999998,AGS/MMA-specific
mammalian_meat_allergy,Mammalian meat allergy,2021-03-01,14,4.642857142857143,11.933193156112864,257.02262182396936,3.189280022883567,0,11.532877740977737,2021,3,Mar,7.16164383561636,1,1,6.123233995736766e-17,1.2246467991473532e-16,-1,AGS/MMA-specific
mammalian_meat_allergy,Mammalian meat allergy,2021-04-01,14,2,7.483314773547883,374.16573867739413,2,0,6.3207373129255835,2021,4,Apr,7.246575342465803,0,0.8660254037844387,-0.4999999999999998,-0.8660254037844384,-0.5000000000000004,AGS/MMA-specific
mammalian_meat_allergy,Mammalian meat allergy,2021-05-01,14,4.071428571428571,10.351248796563226,254.24119851207925,2.7664876087139763,0,10.048061689786945,2021,5,May,7.328767123287662,0,0.49999999999999994,-0.8660254037844387,-0.8660254037844386,0.5000000000000001,AGS/MMA-specific
mammalian_meat_allergy,Mammalian meat allergy,2021-06-01,14,7.785714285714286,12.85528069542792,165.11369700549622,3.435718283792881,0.3632961929720109,15.208132378456561,2021,6,Jun,7.413698630136878,0,1.2246467991473532e-16,-1,-2.4492935982947064e-16,1,AGS/MMA-specific
mammalian_meat_allergy,Mammalian meat allergy,2021-07-01,14,2.142857142857143,8.017837257372731,374.16573867739413,2.142857142857143,0,6.772218549563124,2021,7,Jul,7.495890410958964,0,-0.4999999999999997,-0.8660254037844388,0.8660254037844384,0.5000000000000006,AGS/MMA-specific
mammalian_meat_allergy,Mammalian meat allergy,2021-08-01,14,3.4285714285714284,8.724098240499709,254.45286534790816,2.3316133303219484,0,8.465715786389792,2021,8,Aug,7.58082191780818,0,-0.8660254037844384,-0.5000000000000004,0.8660254037844392,-0.4999999999999992,AGS/MMA-specific
mammalian_meat_allergy,Mammalian meat allergy,2021-09-01,14,2.0714285714285716,7.750576015460307,374.16573867739413,2.0714285714285716,0,6.546477931244356,2021,9,Sep,7.665753424657623,0,-1,-1.8369701987210297e-16,3.6739403974420594e-16,-1,AGS/MMA-specific
mammalian_meat_allergy,Mammalian meat allergy,2021-10-01,14,0,0,NA,0,0,0,2021,10,Oct,7.747945205479482,1,-0.8660254037844386,0.5000000000000001,-0.8660254037844387,-0.49999999999999983,AGS/MMA-specific
mammalian_meat_allergy,Mammalian meat allergy,2021-11-01,14,10,13.950461806527574,139.50461806527574,3.728417747664403,1.9452431597462247,18.054756840253773,2021,11,Nov,7.832876712328698,1,-0.5000000000000004,0.8660254037844384,-0.8660254037844392,0.4999999999999991,AGS/MMA-specific
mammalian_meat_allergy,Mammalian meat allergy,2021-12-01,14,0,0,NA,0,0,0,2021,12,Dec,7.915068493150784,1,-2.4492935982947064e-16,1,-4.898587196589413e-16,1,AGS/MMA-specific
mammalian_meat_allergy,Mammalian meat allergy,2022-01-01,14,0,0,NA,0,0,0,2022,1,Jan,8,1,0.49999999999999994,0.8660254037844387,0.8660254037844386,0.5000000000000001,AGS/MMA-specific
mammalian_meat_allergy,Mammalian meat allergy,2022-02-01,14,4.928571428571429,9.817286838995837,199.19132716803148,2.6237802728005266,0,10.59690409137508,2022,2,Feb,8.084931506849216,1,0.8660254037844386,0.5000000000000001,0.8660254037844387,-0.4999999999999998,AGS/MMA-specific
mammalian_meat_allergy,Mammalian meat allergy,2022-03-01,14,6.428571428571429,10.638929137221151,165.49445324566236,2.8433734138320026,0.28583662670916343,12.571306230433695,2022,3,Mar,8.16164383561636,1,1,6.123233995736766e-17,1.2246467991473532e-16,-1,AGS/MMA-specific
mammalian_meat_allergy,Mammalian meat allergy,2022-04-01,14,8.285714285714286,11.743597741411612,141.7330761894505,3.1386085168896094,1.5051628209188053,15.066265750509768,2022,4,Apr,8.246575342465803,0,0.8660254037844387,-0.4999999999999998,-0.8660254037844384,-0.5000000000000004,AGS/MMA-specific
mammalian_meat_allergy,Mammalian meat allergy,2022-05-01,14,0,0,NA,0,0,0,2022,5,May,8.328767123287662,0,0.49999999999999994,-0.8660254037844387,-0.8660254037844386,0.5000000000000001,AGS/MMA-specific
mammalian_meat_allergy,Mammalian meat allergy,2022-06-01,14,5.714285714285714,11.70423047402139,204.8240332953743,3.1280871721162002,0,12.472107195608883,2022,6,Jun,8.413698630136878,0,1.2246467991473532e-16,-1,-2.4492935982947064e-16,1,AGS/MMA-specific
mammalian_meat_allergy,Mammalian meat allergy,2022-07-01,14,0,0,NA,0,0,0,2022,7,Jul,8.495890410958964,0,-0.4999999999999997,-0.8660254037844388,0.8660254037844384,0.5000000000000006,AGS/MMA-specific
mammalian_meat_allergy,Mammalian meat allergy,2022-08-01,14,16.5,13.130996798532735,79.58179877898627,3.5094065119239275,8.918388168853133,24.081611831146866,2022,8,Aug,8.58082191780818,0,-0.8660254037844384,-0.5000000000000004,0.8660254037844392,-0.4999999999999992,AGS/MMA-specific
mammalian_meat_allergy,Mammalian meat allergy,2022-09-01,14,5.428571428571429,10.78969797619852,198.75759429839377,2.8836680809787882,0,11.65835756636021,2022,9,Sep,8.665753424657623,0,-1,-1.8369701987210297e-16,3.6739403974420594e-16,-1,AGS/MMA-specific
mammalian_meat_allergy,Mammalian meat allergy,2022-10-01,14,24.285714285714285,8.118625986710308,33.42963641586598,2.169794063830679,19.59815919923546,28.97326937219311,2022,10,Oct,8.747945205479482,1,-0.8660254037844386,0.5000000000000001,-0.8660254037844387,-0.49999999999999983,AGS/MMA-specific
mammalian_meat_allergy,Mammalian meat allergy,2022-11-01,14,6.428571428571429,10.588195791063278,164.70526786098432,2.829814356731476,0.3151291886803307,12.542013668462527,2022,11,Nov,8.832876712328698,1,-0.5000000000000004,0.8660254037844384,-0.8660254037844392,0.4999999999999991,AGS/MMA-specific
mammalian_meat_allergy,Mammalian meat allergy,2022-12-01,14,18.357142857142858,14.621412868998478,79.64971990894112,3.9077369618828373,9.914990406990041,26.799295307295672,2022,12,Dec,8.915068493150784,1,-2.4492935982947064e-16,1,-4.898587196589413e-16,1,AGS/MMA-specific
mammalian_meat_allergy,Mammalian meat allergy,2023-01-01,14,12.214285714285714,12.944726110116585,105.98021376703637,3.459623576405945,4.740223376658604,19.688348051912822,2023,1,Jan,9,1,0.49999999999999994,0.8660254037844387,0.8660254037844386,0.5000000000000001,AGS/MMA-specific
mammalian_meat_allergy,Mammalian meat allergy,2023-02-01,14,3.5,8.950719781971985,255.7348509134853,2.3921804849399373,0,8.667991740266203,2023,2,Feb,9.084931506849216,1,0.8660254037844386,0.5000000000000001,0.8660254037844387,-0.4999999999999998,AGS/MMA-specific
mammalian_meat_allergy,Mammalian meat allergy,2023-03-01,14,15.928571428571429,14.652194824899551,91.98687334017656,3.9159637856454514,7.4686460062196165,24.38849685092324,2023,3,Mar,9.16164383561636,1,1,6.123233995736766e-17,1.2246467991473532e-16,-1,AGS/MMA-specific
mammalian_meat_allergy,Mammalian meat allergy,2023-04-01,14,0,0,NA,0,0,0,2023,4,Apr,9.246575342465803,0,0.8660254037844387,-0.4999999999999998,-0.8660254037844384,-0.5000000000000004,AGS/MMA-specific
mammalian_meat_allergy,Mammalian meat allergy,2023-05-01,14,3.5714285714285716,9.28782731664065,260.0591648659382,2.48227626331352,0,8.93406040737268,2023,5,May,9.328767123287662,0,0.49999999999999994,-0.8660254037844387,-0.8660254037844386,0.5000000000000001,AGS/MMA-specific
mammalian_meat_allergy,Mammalian meat allergy,2023-06-01,14,5.5,10.96673291227751,199.3951438595911,2.9309826578571463,0,11.832003066670586,2023,6,Jun,9.413698630136878,0,1.2246467991473532e-16,-1,-2.4492935982947064e-16,1,AGS/MMA-specific
mammalian_meat_allergy,Mammalian meat allergy,2023-07-01,14,29.5,10.173494974687902,34.486423643009836,2.718980901524897,23.625998882824668,35.37400111717533,2023,7,Jul,9.495890410958964,0,-0.4999999999999997,-0.8660254037844388,0.8660254037844384,0.5000000000000006,AGS/MMA-specific
mammalian_meat_allergy,Mammalian meat allergy,2023-08-01,14,70.07142857142857,6.281404616488573,8.96428793382671,1.678775998757172,66.44465352249156,73.69820362036558,2023,8,Aug,9.58082191780818,0,-0.8660254037844384,-0.5000000000000004,0.8660254037844392,-0.4999999999999992,AGS/MMA-specific
mammalian_meat_allergy,Mammalian meat allergy,2023-09-01,14,40.42857142857143,4.237457251234985,10.481343024256146,1.1325080875158702,37.98193645311152,42.87520640403134,2023,9,Sep,9.665753424657623,0,-1,-1.8369701987210297e-16,3.6739403974420594e-16,-1,AGS/MMA-specific
mammalian_meat_allergy,Mammalian meat allergy,2023-10-01,14,15.357142857142858,12.023100475956484,78.28995658762362,3.2133087648419907,8.415211318041052,22.299074396244663,2023,10,Oct,9.747945205479482,1,-0.8660254037844386,0.5000000000000001,-0.8660254037844387,-0.49999999999999983,AGS/MMA-specific
mammalian_meat_allergy,Mammalian meat allergy,2023-11-01,14,32.357142857142854,4.106414173294915,12.69090472982976,1.0974853517615806,29.986169902270095,34.728115812015616,2023,11,Nov,9.832876712328698,1,-0.5000000000000004,0.8660254037844384,-0.8660254037844392,0.4999999999999991,AGS/MMA-specific
mammalian_meat_allergy,Mammalian meat allergy,2023-12-01,14,21.142857142857142,12.35287037871792,58.425738277719894,3.3014434785993516,14.010522130607615,28.27519215510667,2023,12,Dec,9.915068493150784,1,-2.4492935982947064e-16,1,-4.898587196589413e-16,1,AGS/MMA-specific
mammalian_meat_allergy,Mammalian meat allergy,2024-01-01,14,1.7857142857142858,6.68153104781061,374.16573867739413,1.7857142857142858,0,5.643515457969271,2024,1,Jan,10,1,0.49999999999999994,0.8660254037844387,0.8660254037844386,0.5000000000000001,AGS/MMA-specific
mammalian_meat_allergy,Mammalian meat allergy,2024-02-01,14,3.4285714285714284,8.724098240499709,254.45286534790816,2.3316133303219484,0,8.465715786389792,2024,2,Feb,10.08469945355182,1,0.8660254037844386,0.5000000000000001,0.8660254037844387,-0.4999999999999998,AGS/MMA-specific
mammalian_meat_allergy,Mammalian meat allergy,2024-03-01,14,5.571428571428571,11.202433016738171,201.06931055683899,2.9939761604941904,0,12.039520826757034,2024,3,Mar,10.163934426229616,1,1,6.123233995736766e-17,1.2246467991473532e-16,-1,AGS/MMA-specific
mammalian_meat_allergy,Mammalian meat allergy,2024-04-01,14,0,0,NA,0,0,0,2024,4,Apr,10.248633879781437,0,0.8660254037844387,-0.4999999999999998,-0.8660254037844384,-0.5000000000000004,AGS/MMA-specific
mammalian_meat_allergy,Mammalian meat allergy,2024-05-01,14,20.785714285714285,14.033907134171491,67.51707899601405,3.7507194495623053,12.682777547694505,28.888651023734063,2024,5,May,10.330601092896131,0,0.49999999999999994,-0.8660254037844387,-0.8660254037844386,0.5000000000000001,AGS/MMA-specific
mammalian_meat_allergy,Mammalian meat allergy,2024-06-01,14,1.6428571428571428,6.147008563985761,374.16573867739413,1.6428571428571428,0,5.192034221331729,2024,6,Jun,10.41530054644818,0,1.2246467991473532e-16,-1,-2.4492935982947064e-16,1,AGS/MMA-specific
mammalian_meat_allergy,Mammalian meat allergy,2024-07-01,14,4.142857142857143,10.560136529253944,254.89984725785376,2.822315203573168,0,10.240098447315019,2024,7,Jul,10.497267759562874,0,-0.4999999999999997,-0.8660254037844388,0.8660254037844384,0.5000000000000006,AGS/MMA-specific
mammalian_meat_allergy,Mammalian meat allergy,2024-08-01,14,2.642857142857143,9.888665950759702,374.16573867739413,2.642857142857143,0,8.352402877794521,2024,8,Aug,10.581967213114694,0,-0.8660254037844384,-0.5000000000000004,0.8660254037844392,-0.4999999999999992,AGS/MMA-specific
mammalian_meat_allergy,Mammalian meat allergy,2024-09-01,14,14.714285714285714,15.632454265841508,106.23998044746656,4.177949141227978,5.688375341281153,23.740196087290272,2024,9,Sep,10.666666666666742,0,-1,-1.8369701987210297e-16,3.6739403974420594e-16,-1,AGS/MMA-specific
mammalian_meat_allergy,Mammalian meat allergy,2024-10-01,14,8.285714285714286,13.869881988453484,167.39512744685237,3.7068818854128445,0.2774828472586801,16.293945724169895,2024,10,Oct,10.748633879781437,1,-0.8660254037844386,0.5000000000000001,-0.8660254037844387,-0.49999999999999983,AGS/MMA-specific
mammalian_meat_allergy,Mammalian meat allergy,2024-11-01,14,11.142857142857142,16.691117595697616,149.7920809870299,4.460888817532464,1.5056927614946414,20.78002152421964,2024,11,Nov,10.833333333333258,1,-0.5000000000000004,0.8660254037844384,-0.8660254037844392,0.4999999999999991,AGS/MMA-specific
mammalian_meat_allergy,Mammalian meat allergy,2024-12-01,14,13.857142857142858,17.333192448004507,125.08489395467168,4.63249053996074,3.849255493251281,23.865030221034434,2024,12,Dec,10.91530054644818,1,-2.4492935982947064e-16,1,-4.898587196589413e-16,1,AGS/MMA-specific
mammalian_meat_allergy,Mammalian meat allergy,2025-01-01,14,0,0,NA,0,0,0,2025,1,Jan,11,1,0.49999999999999994,0.8660254037844387,0.8660254037844386,0.5000000000000001,AGS/MMA-specific
mammalian_meat_allergy,Mammalian meat allergy,2025-02-01,14,29.642857142857142,8.949491974040013,30.19105726182173,2.3918523394672087,24.475574317784982,34.8101399679293,2025,2,Feb,11.084931506849216,1,0.8660254037844386,0.5000000000000001,0.8660254037844387,-0.4999999999999998,AGS/MMA-specific
mammalian_meat_allergy,Mammalian meat allergy,2025-03-01,14,18.571428571428573,12.738278386961728,68.59072977594775,3.4044481015255856,11.216565600338441,25.926291542518705,2025,3,Mar,11.16164383561636,1,1,6.123233995736766e-17,1.2246467991473532e-16,-1,AGS/MMA-specific
mammalian_meat_allergy,Mammalian meat allergy,2025-04-01,14,6.5,13.1075433360982,201.65451286304923,3.503138310426527,0,14.068070205099492,2025,4,Apr,11.246575342465803,0,0.8660254037844387,-0.4999999999999998,-0.8660254037844384,-0.5000000000000004,AGS/MMA-specific
mammalian_meat_allergy,Mammalian meat allergy,2025-05-01,14,19.714285714285715,11.006491591004698,55.83002980944411,2.9416086117105715,13.35932666996517,26.06924475860626,2025,5,May,11.328767123287662,0,0.49999999999999994,-0.8660254037844387,-0.8660254037844386,0.5000000000000001,AGS/MMA-specific
mammalian_meat_allergy,Mammalian meat allergy,2025-06-01,14,3.642857142857143,9.278653274770353,254.70812911134303,2.479824397489908,0,9.000192044726067,2025,6,Jun,11.413698630136878,0,1.2246467991473532e-16,-1,-2.4492935982947064e-16,1,AGS/MMA-specific
mammalian_meat_allergy,Mammalian meat allergy,2025-07-01,14,0,0,NA,0,0,0,2025,7,Jul,11.495890410958964,0,-0.4999999999999997,-0.8660254037844388,0.8660254037844384,0.5000000000000006,AGS/MMA-specific
mammalian_meat_allergy,Mammalian meat allergy,2025-08-01,14,30.071428571428573,6.922252698188821,23.019367642433135,1.8500498529495748,26.074638856222716,34.06821828663443,2025,8,Aug,11.58082191780818,0,-0.8660254037844384,-0.5000000000000004,0.8660254037844392,-0.4999999999999992,AGS/MMA-specific
mammalian_meat_allergy,Mammalian meat allergy,2025-09-01,14,12.214285714285714,12.710858903549125,104.06551149104548,3.397119936336136,4.875254281580251,19.553317146991176,2025,9,Sep,11.665753424657623,0,-1,-1.8369701987210297e-16,3.6739403974420594e-16,-1,AGS/MMA-specific
mammalian_meat_allergy,Mammalian meat allergy,2025-10-01,14,10.857142857142858,13.055250301681712,120.24572646285787,3.4891624091050075,3.3192657512041945,18.39501996308152,2025,10,Oct,11.747945205479482,1,-0.8660254037844386,0.5000000000000001,-0.8660254037844387,-0.49999999999999983,AGS/MMA-specific
mammalian_meat_allergy,Mammalian meat allergy,2025-11-01,14,73.35714285714286,7.4276732339494895,10.125357865169702,1.985129173025014,69.06853201270972,77.645753701576,2025,11,Nov,11.832876712328698,1,-0.5000000000000004,0.8660254037844384,-0.8660254037844392,0.4999999999999991,AGS/MMA-specific
mammalian_meat_allergy,Mammalian meat allergy,2025-12-01,14,26.642857142857142,12.407238227726605,46.56872257055562,3.3159738974455197,19.479131069167078,33.80658321654721,2025,12,Dec,11.915068493150784,1,-2.4492935982947064e-16,1,-4.898587196589413e-16,1,AGS/MMA-specific
mammalian_meat_allergy,Mammalian meat allergy,2026-01-01,14,30.714285714285715,5.239327194454403,17.058274586595733,1.400269092775422,27.689188255640104,33.739383172931326,2026,1,Jan,12,1,0.49999999999999994,0.8660254037844387,0.8660254037844386,0.5000000000000001,AGS/MMA-specific
mammalian_meat_allergy,Mammalian meat allergy,2026-02-01,14,100,0,0,0,100,100,2026,2,Feb,12.084931506849216,1,0.8660254037844386,0.5000000000000001,0.8660254037844387,-0.4999999999999998,AGS/MMA-specific
meat_allergy,Meat allergy,2014-02-01,14,7.928571428571429,7.436544748886932,93.7942580940694,1.9875001851248395,3.63483832391373,12.222304533229128,2014,2,Feb,0.08493150684921602,1,0.8660254037844386,0.5000000000000001,0.8660254037844387,-0.4999999999999998,AGS/MMA-related (broad)
meat_allergy,Meat allergy,2014-03-01,14,2.5714285714285716,4.2736092783192365,166.1959163790814,1.142170123172059,0.10392003697940932,5.038937105877734,2014,3,Mar,0.16164383561635987,1,1,6.123233995736766e-17,1.2246467991473532e-16,-1,AGS/MMA-related (broad)
meat_allergy,Meat allergy,2014-04-01,14,7.071428571428571,4.84314401562084,68.48890527140583,1.294384684375552,4.275080469898145,9.867776672958996,2014,4,Apr,0.24657534246580326,0,0.8660254037844387,-0.4999999999999998,-0.8660254037844384,-0.5000000000000004,AGS/MMA-related (broad)
meat_allergy,Meat allergy,2014-05-01,14,0,0,NA,0,0,0,2014,5,May,0.3287671232876619,0,0.49999999999999994,-0.8660254037844387,-0.8660254037844386,0.5000000000000001,AGS/MMA-related (broad)
meat_allergy,Meat allergy,2014-06-01,14,0,0,NA,0,0,0,2014,6,Jun,0.4136986301368779,0,1.2246467991473532e-16,-1,-2.4492935982947064e-16,1,AGS/MMA-related (broad)
meat_allergy,Meat allergy,2014-07-01,14,2.357142857142857,4.68396844988952,198.71381302561602,1.2518432249960867,0,5.061585723229701,2014,7,Jul,0.4958904109589639,0,-0.4999999999999997,-0.8660254037844388,0.8660254037844384,0.5000000000000006,AGS/MMA-related (broad)
meat_allergy,Meat allergy,2014-08-01,14,8.428571428571429,5.76079970028582,68.34847102034024,1.5396384823071105,5.102384709111204,11.754758148031653,2014,8,Aug,0.5808219178081799,0,-0.8660254037844384,-0.5000000000000004,0.8660254037844392,-0.4999999999999992,AGS/MMA-related (broad)
meat_allergy,Meat allergy,2014-09-01,14,4.214285714285714,5.086612465445581,120.69927884108158,1.359454364642205,1.2773631150211555,7.151208313550273,2014,9,Sep,0.6657534246576233,0,-1,-1.8369701987210297e-16,3.6739403974420594e-16,-1,AGS/MMA-related (broad)
meat_allergy,Meat allergy,2014-10-01,14,8.357142857142858,4.716699348829937,56.439137507366766,1.2605909256958123,5.633801732648209,11.080483981637506,2014,10,Oct,0.747945205479482,1,-0.8660254037844386,0.5000000000000001,-0.8660254037844387,-0.49999999999999983,AGS/MMA-related (broad)
meat_allergy,Meat allergy,2014-11-01,14,10.642857142857142,4.877060004317589,45.82472487278272,1.3034491136353328,7.826926532465162,13.458787753249123,2014,11,Nov,0.832876712328698,1,-0.5000000000000004,0.8660254037844384,-0.8660254037844392,0.4999999999999991,AGS/MMA-related (broad)
meat_allergy,Meat allergy,2014-12-01,14,1.7142857142857142,4.427685129319339,258.28163254362806,1.1833486264590598,0,4.270754996556163,2014,12,Dec,0.915068493150784,1,-2.4492935982947064e-16,1,-4.898587196589413e-16,1,AGS/MMA-related (broad)
meat_allergy,Meat allergy,2015-01-01,14,2.0714285714285716,4.1410568274719015,199.91308822278145,1.1067439905400644,0,4.462403599319879,2015,1,Jan,1,1,0.49999999999999994,0.8660254037844387,0.8660254037844386,0.5000000000000001,AGS/MMA-related (broad)
meat_allergy,Meat allergy,2015-02-01,14,57.285714285714285,3.196839098200005,5.58051712902744,0.8543911875791281,55.43991434371031,59.131514227718256,2015,2,Feb,1.084931506849216,1,0.8660254037844386,0.5000000000000001,0.8660254037844387,-0.4999999999999998,AGS/MMA-related (broad)
meat_allergy,Meat allergy,2015-03-01,14,18.142857142857142,1.95555000554213,10.778622077791269,0.522642723103038,17.013756185336977,19.271958100377308,2015,3,Mar,1.1616438356163599,1,1,6.123233995736766e-17,1.2246467991473532e-16,-1,AGS/MMA-related (broad)
meat_allergy,Meat allergy,2015-04-01,14,15.142857142857142,2.0701966780270626,13.671110137914566,0.5532833351724882,13.9475611674073,16.338153118306984,2015,4,Apr,1.2465753424658033,0,0.8660254037844387,-0.4999999999999998,-0.8660254037844384,-0.5000000000000004,AGS/MMA-related (broad)
meat_allergy,Meat allergy,2015-05-01,14,13.857142857142858,1.4600918230947435,10.536745115116705,0.390225953946477,13.014110937298597,14.700174776987119,2015,5,May,1.3287671232876619,0,0.49999999999999994,-0.8660254037844387,-0.8660254037844386,0.5000000000000001,AGS/MMA-related (broad)
meat_allergy,Meat allergy,2015-06-01,14,5.357142857142857,4.829510930122824,90.15087069562605,1.2907410890142539,2.5686662648278125,8.1456194494579,2015,6,Jun,1.413698630136878,0,1.2246467991473532e-16,-1,-2.4492935982947064e-16,1,AGS/MMA-related (broad)
meat_allergy,Meat allergy,2015-07-01,14,14.642857142857142,2.706321456179185,18.482195310491996,0.7232948333926899,13.080273655414098,16.20544063030019,2015,7,Jul,1.495890410958964,0,-0.4999999999999997,-0.8660254037844388,0.8660254037844384,0.5000000000000006,AGS/MMA-related (broad)
meat_allergy,Meat allergy,2015-08-01,14,12.785714285714286,1.4769288003552106,11.551398438532374,0.3947258253991607,11.932960984625534,13.638467586803039,2015,8,Aug,1.58082191780818,0,-0.8660254037844384,-0.5000000000000004,0.8660254037844392,-0.4999999999999992,AGS/MMA-related (broad)
meat_allergy,Meat allergy,2015-09-01,14,3.5714285714285716,5.079586381015466,142.22841866843305,1.357576564591631,0.6385627125363778,6.5042944303207655,2015,9,Sep,1.6657534246576233,0,-1,-1.8369701987210297e-16,3.6739403974420594e-16,-1,AGS/MMA-related (broad)
meat_allergy,Meat allergy,2015-10-01,14,12.214285714285714,2.006856379383569,16.430403106064308,0.5363549282939242,11.055561338460171,13.373010090111256,2015,10,Oct,1.747945205479482,1,-0.8660254037844386,0.5000000000000001,-0.8660254037844387,-0.49999999999999983,AGS/MMA-related (broad)
meat_allergy,Meat allergy,2015-11-01,14,8.142857142857142,3.73871929650007,45.914096623685076,0.9992147623445543,5.98418488921305,10.301529396501234,2015,11,Nov,1.832876712328698,1,-0.5000000000000004,0.8660254037844384,-0.8660254037844392,0.4999999999999991,AGS/MMA-related (broad)
meat_allergy,Meat allergy,2015-12-01,14,11.642857142857142,3.671242565947118,31.532144738196106,0.9811808475367824,9.52314479351708,13.762569492197205,2015,12,Dec,1.915068493150784,1,-2.4492935982947064e-16,1,-4.898587196589413e-16,1,AGS/MMA-related (broad)
meat_allergy,Meat allergy,2016-01-01,14,10.214285714285714,3.2623392133340676,31.938985305368494,0.8718968296952645,8.330667131742787,12.09790429682864,2016,1,Jan,2,1,0.49999999999999994,0.8660254037844387,0.8660254037844386,0.5000000000000001,AGS/MMA-related (broad)
meat_allergy,Meat allergy,2016-02-01,14,11.857142857142858,5.4892502340363505,46.294881491872836,1.4670638347166212,8.68774413159096,15.026541582694755,2016,2,Feb,2.0846994535518206,1,0.8660254037844386,0.5000000000000001,0.8660254037844387,-0.4999999999999998,AGS/MMA-related (broad)
meat_allergy,Meat allergy,2016-03-01,14,6.571428571428571,4.432646122617014,67.45331056156326,1.1846745076889158,4.012094896906949,9.130762245950194,2016,3,Mar,2.1639344262296163,1,1,6.123233995736766e-17,1.2246467991473532e-16,-1,AGS/MMA-related (broad)
meat_allergy,Meat allergy,2016-04-01,14,15.928571428571429,1.7743595036946849,11.139476704809681,0.47421752455655447,14.904086752174074,16.953056104968784,2016,4,Apr,2.248633879781437,0,0.8660254037844387,-0.4999999999999998,-0.8660254037844384,-0.5000000000000004,AGS/MMA-related (broad)
meat_allergy,Meat allergy,2016-05-01,14,12.5,4.183300132670378,33.46640106136302,1.118033988749895,10.084634413844654,14.915365586155346,2016,5,May,2.3306010928961314,0,0.49999999999999994,-0.8660254037844387,-0.8660254037844386,0.5000000000000001,AGS/MMA-related (broad)
meat_allergy,Meat allergy,2016-06-01,14,32.42857142857143,2.027286390693261,6.251543936058514,0.5418150784888374,31.25805111540522,33.599091741737645,2016,6,Jun,2.4153005464481794,0,1.2246467991473532e-16,-1,-2.4492935982947064e-16,1,AGS/MMA-related (broad)
meat_allergy,Meat allergy,2016-07-01,14,13.642857142857142,1.5984195491000024,11.716164234240855,0.42719559378956407,12.719957171855157,14.565757113859128,2016,7,Jul,2.497267759562874,0,-0.4999999999999997,-0.8660254037844388,0.8660254037844384,0.5000000000000006,AGS/MMA-related (broad)
meat_allergy,Meat allergy,2016-08-01,14,18.428571428571427,2.6808232293109495,14.54710279471058,0.7164801456133204,16.880710179010514,19.97643267813234,2016,8,Aug,2.5819672131146945,0,-0.8660254037844384,-0.5000000000000004,0.8660254037844392,-0.4999999999999992,AGS/MMA-related (broad)
meat_allergy,Meat allergy,2016-09-01,14,25.214285714285715,2.939873661036668,11.65955559617942,0.7857142857142857,23.51685319849352,26.91171823007791,2016,9,Sep,2.6666666666667425,0,-1,-1.8369701987210297e-16,3.6739403974420594e-16,-1,AGS/MMA-related (broad)
meat_allergy,Meat allergy,2016-10-01,14,30.571428571428573,3.0054894830904053,9.831040365248988,0.8032508518054722,28.836110607910992,32.30674653494616,2016,10,Oct,2.748633879781437,1,-0.8660254037844386,0.5000000000000001,-0.8660254037844387,-0.49999999999999983,AGS/MMA-related (broad)
meat_allergy,Meat allergy,2016-11-01,14,38.714285714285715,1.8575654633281302,4.798139573172292,0.4964552526627041,37.641759347096894,39.78681208147454,2016,11,Nov,2.8333333333332575,1,-0.5000000000000004,0.8660254037844384,-0.8660254037844392,0.4999999999999991,AGS/MMA-related (broad)
meat_allergy,Meat allergy,2016-12-01,14,44.785714285714285,2.391606200815724,5.340109539301457,0.6391836433954654,43.404841976799034,46.166586594629536,2016,12,Dec,2.9153005464481794,1,-2.4492935982947064e-16,1,-4.898587196589413e-16,1,AGS/MMA-related (broad)
meat_allergy,Meat allergy,2017-01-01,14,21.642857142857142,2.4371213428059835,11.260626666430287,0.6513480767696025,20.235705173356774,23.05000911235751,2017,1,Jan,3,1,0.49999999999999994,0.8660254037844387,0.8660254037844386,0.5000000000000001,AGS/MMA-related (broad)
meat_allergy,Meat allergy,2017-02-01,14,15.357142857142858,1.549547966698321,10.090079783151857,0.4141341139826653,14.462460497722718,16.251825216562995,2017,2,Feb,3.084931506849216,1,0.8660254037844386,0.5000000000000001,0.8660254037844387,-0.4999999999999998,AGS/MMA-related (broad)
meat_allergy,Meat allergy,2017-03-01,14,14.714285714285714,2.867015908532811,19.484574135659884,0.7662422322971568,13.058920012372855,16.369651416198572,2017,3,Mar,3.16164383561636,1,1,6.123233995736766e-17,1.2246467991473532e-16,-1,AGS/MMA-related (broad)
meat_allergy,Meat allergy,2017-04-01,14,16.071428571428573,1.9792883614022534,12.31557202650291,0.5289870655711737,14.928621495294381,17.214235647562763,2017,4,Apr,3.2465753424658033,0,0.8660254037844387,-0.4999999999999998,-0.8660254037844384,-0.5000000000000004,AGS/MMA-related (broad)
meat_allergy,Meat allergy,2017-05-01,14,18.928571428571427,1.6854255666327542,8.90413506900323,0.4504489300892215,17.955435678669474,19.90170717847338,2017,5,May,3.328767123287662,0,0.49999999999999994,-0.8660254037844387,-0.8660254037844386,0.5000000000000001,AGS/MMA-related (broad)
meat_allergy,Meat allergy,2017-06-01,14,20.428571428571427,2.6808232293109495,13.122910912710942,0.7164801456133204,18.880710179010514,21.97643267813234,2017,6,Jun,3.413698630136878,0,1.2246467991473532e-16,-1,-2.4492935982947064e-16,1,AGS/MMA-related (broad)
meat_allergy,Meat allergy,2017-07-01,14,9.857142857142858,3.324897751051159,33.73084674979437,0.8886163021777597,7.937404050296157,11.776881663989558,2017,7,Jul,3.495890410958964,0,-0.4999999999999997,-0.8660254037844388,0.8660254037844384,0.5000000000000006,AGS/MMA-related (broad)
meat_allergy,Meat allergy,2017-08-01,14,10.857142857142858,1.2314558524297639,11.342356535537299,0.3291204204807019,10.146121416534495,11.56816429775122,2017,8,Aug,3.58082191780818,0,-0.8660254037844384,-0.5000000000000004,0.8660254037844392,-0.4999999999999992,AGS/MMA-related (broad)
meat_allergy,Meat allergy,2017-09-01,14,21.357142857142858,1.780541959721722,8.336985764583314,0.47586985543240934,20.3290885369112,22.385197177374515,2017,9,Sep,3.6657534246576233,0,-1,-1.8369701987210297e-16,3.6739403974420594e-16,-1,AGS/MMA-related (broad)
meat_allergy,Meat allergy,2017-10-01,14,20.571428571428573,3.390354774135812,16.480891263160196,0.9061104274592543,18.613896004651497,22.52896113820565,2017,10,Oct,3.747945205479482,1,-0.8660254037844386,0.5000000000000001,-0.8660254037844387,-0.49999999999999983,AGS/MMA-related (broad)
meat_allergy,Meat allergy,2017-11-01,14,16.214285714285715,1.8050600428356278,11.13252889854572,0.48242258877474387,15.17207507432712,17.256496354244312,2017,11,Nov,3.832876712328698,1,-0.5000000000000004,0.8660254037844384,-0.8660254037844392,0.4999999999999991,AGS/MMA-related (broad)
meat_allergy,Meat allergy,2017-12-01,14,17.428571428571427,1.554857684028483,8.921314580491297,0.4155531956305283,16.530823329638284,18.32631952750457,2017,12,Dec,3.915068493150784,1,-2.4492935982947064e-16,1,-4.898587196589413e-16,1,AGS/MMA-related (broad)
meat_allergy,Meat allergy,2018-01-01,14,17.428571428571427,2.138089935299395,12.267729136963744,0.5714285714285715,16.194075053449833,18.66306780369302,2018,1,Jan,4,1,0.49999999999999994,0.8660254037844387,0.8660254037844386,0.5000000000000001,AGS/MMA-related (broad)
meat_allergy,Meat allergy,2018-02-01,14,12,3.7825510317366913,31.521258597805762,1.0109292863390702,9.816020055892775,14.183979944107225,2018,2,Feb,4.084931506849216,1,0.8660254037844386,0.5000000000000001,0.8660254037844387,-0.4999999999999998,AGS/MMA-related (broad)
meat_allergy,Meat allergy,2018-03-01,14,15.357142857142858,1.549547966698321,10.090079783151857,0.4141341139826653,14.462460497722718,16.251825216562995,2018,3,Mar,4.16164383561636,1,1,6.123233995736766e-17,1.2246467991473532e-16,-1,AGS/MMA-related (broad)
meat_allergy,Meat allergy,2018-04-01,14,18.5,1.786703022974913,9.657854178242772,0.47751646884895815,17.46838838775392,19.53161161224608,2018,4,Apr,4.246575342465803,0,0.8660254037844387,-0.4999999999999998,-0.8660254037844384,-0.5000000000000004,AGS/MMA-related (broad)
meat_allergy,Meat allergy,2018-05-01,14,14.5,1.8292495308606331,12.615514005935403,0.4888875013855325,13.443822765470285,15.556177234529715,2018,5,May,4.328767123287662,0,0.49999999999999994,-0.8660254037844387,-0.8660254037844386,0.5000000000000001,AGS/MMA-related (broad)
meat_allergy,Meat allergy,2018-06-01,14,14.357142857142858,2.3074175660629406,16.0715651367568,0.6166832843165251,13.024879618740904,15.689406095544811,2018,6,Jun,4.413698630136878,0,1.2246467991473532e-16,-1,-2.4492935982947064e-16,1,AGS/MMA-related (broad)
meat_allergy,Meat allergy,2018-07-01,14,16.285714285714285,2.198900824313101,13.502022605431321,0.587680965148173,15.016106748608369,17.5553218228202,2018,7,Jul,4.495890410958964,0,-0.4999999999999997,-0.8660254037844388,0.8660254037844384,0.5000000000000006,AGS/MMA-related (broad)
meat_allergy,Meat allergy,2018-08-01,14,23.642857142857142,2.844891314867159,12.032772932972877,0.760329185917267,22.000265801007608,25.285448484706677,2018,8,Aug,4.58082191780818,0,-0.8660254037844384,-0.5000000000000004,0.8660254037844392,-0.4999999999999992,AGS/MMA-related (broad)
meat_allergy,Meat allergy,2018-09-01,14,27.071428571428573,2.234839031005476,8.255342067038697,0.5972858549008826,25.781070931552122,28.361786211305024,2018,9,Sep,4.665753424657623,0,-1,-1.8369701987210297e-16,3.6739403974420594e-16,-1,AGS/MMA-related (broad)
meat_allergy,Meat allergy,2018-10-01,14,18.857142857142858,1.95555000554213,10.370340938480991,0.522642723103038,17.728041899622692,19.986243814663023,2018,10,Oct,4.747945205479482,1,-0.8660254037844386,0.5000000000000001,-0.8660254037844387,-0.49999999999999983,AGS/MMA-related (broad)
meat_allergy,Meat allergy,2018-11-01,14,18.214285714285715,1.42389343964797,7.817454178459443,0.3805515290312702,17.39215411879757,19.03641730977386,2018,11,Nov,4.832876712328698,1,-0.5000000000000004,0.8660254037844384,-0.8660254037844392,0.4999999999999991,AGS/MMA-related (broad)
meat_allergy,Meat allergy,2018-12-01,14,17.642857142857142,1.9057460827371866,10.801799659239114,0.5093320648420784,16.542512114240843,18.743202171473442,2018,12,Dec,4.915068493150784,1,-2.4492935982947064e-16,1,-4.898587196589413e-16,1,AGS/MMA-related (broad)
meat_allergy,Meat allergy,2019-01-01,14,24.857142857142858,2.6269942712345036,10.568367757839956,0.7020937514269576,23.34036152266168,26.373924191624035,2019,1,Jan,5,1,0.49999999999999994,0.8660254037844387,0.8660254037844386,0.5000000000000001,AGS/MMA-related (broad)
meat_allergy,Meat allergy,2019-02-01,14,18.285714285714285,1.6374732612530445,8.954931897477588,0.43763313740087645,17.340265372643955,19.231163198784614,2019,2,Feb,5.084931506849216,1,0.8660254037844386,0.5000000000000001,0.8660254037844387,-0.4999999999999998,AGS/MMA-related (broad)
meat_allergy,Meat allergy,2019-03-01,14,12.857142857142858,1.292412345317728,10.052096019137885,0.34541172847256507,12.110926185376092,13.603359528909623,2019,3,Mar,5.16164383561636,1,1,6.123233995736766e-17,1.2246467991473532e-16,-1,AGS/MMA-related (broad)
meat_allergy,Meat allergy,2019-04-01,14,16.214285714285715,1.6723346844167577,10.31395840609454,0.44695024465044497,15.248708414744517,17.179863013826914,2019,4,Apr,5.246575342465803,0,0.8660254037844387,-0.4999999999999998,-0.8660254037844384,-0.5000000000000004,AGS/MMA-related (broad)
meat_allergy,Meat allergy,2019-05-01,14,17.357142857142858,2.373155732746617,13.672502163972277,0.6342525483854503,15.98692353132928,18.727362182956433,2019,5,May,5.328767123287662,0,0.49999999999999994,-0.8660254037844387,-0.8660254037844386,0.5000000000000001,AGS/MMA-related (broad)
meat_allergy,Meat allergy,2019-06-01,14,19.357142857142858,1.5984195491000024,8.25751796583027,0.42719559378956407,18.434242886140872,20.280042828144843,2019,6,Jun,5.413698630136878,0,1.2246467991473532e-16,-1,-2.4492935982947064e-16,1,AGS/MMA-related (broad)
meat_allergy,Meat allergy,2019-07-01,14,14.214285714285714,1.9286731759891875,13.56855500695911,0.51545958825805,13.100702976139806,15.327868452431622,2019,7,Jul,5.495890410958964,0,-0.4999999999999997,-0.8660254037844388,0.8660254037844384,0.5000000000000006,AGS/MMA-related (broad)
meat_allergy,Meat allergy,2019-08-01,14,18.642857142857142,2.239750771064387,12.013988810307056,0.5985985726489782,17.349663548702924,19.93605073701136,2019,8,Aug,5.58082191780818,0,-0.8660254037844384,-0.5000000000000004,0.8660254037844392,-0.4999999999999992,AGS/MMA-related (broad)
meat_allergy,Meat allergy,2019-09-01,14,20.428571428571427,1.554857684028483,7.611191460279287,0.4155531956305283,19.530823329638284,21.32631952750457,2019,9,Sep,5.665753424657623,0,-1,-1.8369701987210297e-16,3.6739403974420594e-16,-1,AGS/MMA-related (broad)
meat_allergy,Meat allergy,2019-10-01,14,17.142857142857142,1.6574838603294897,9.668655851922022,0.44298119496145877,16.185854453859974,18.09985983185431,2019,10,Oct,5.747945205479482,1,-0.8660254037844386,0.5000000000000001,-0.8660254037844387,-0.49999999999999983,AGS/MMA-related (broad)
meat_allergy,Meat allergy,2019-11-01,14,19.428571428571427,1.2224996910042532,6.292277821345421,0.3267267856553518,18.722721121614768,20.134421735528086,2019,11,Nov,5.832876712328698,1,-0.5000000000000004,0.8660254037844384,-0.8660254037844392,0.4999999999999991,AGS/MMA-related (broad)
meat_allergy,Meat allergy,2019-12-01,14,18.857142857142858,2.14322341192107,11.365578699581432,0.5728005507658087,17.61968250086378,20.094603213421934,2019,12,Dec,5.915068493150784,1,-2.4492935982947064e-16,1,-4.898587196589413e-16,1,AGS/MMA-related (broad)
meat_allergy,Meat allergy,2020-01-01,14,16.428571428571427,1.5045717874984443,9.158263054338358,0.4021137244732305,15.559857541885945,17.29728531525691,2020,1,Jan,6,1,0.49999999999999994,0.8660254037844387,0.8660254037844386,0.5000000000000001,AGS/MMA-related (broad)
meat_allergy,Meat allergy,2020-02-01,14,15.071428571428571,1.071611705960535,7.110219849975113,0.28640027538290436,14.452698393289033,15.69015874956811,2020,2,Feb,6.084699453551821,1,0.8660254037844386,0.5000000000000001,0.8660254037844387,-0.4999999999999998,AGS/MMA-related (broad)
meat_allergy,Meat allergy,2020-03-01,14,13,1.7097008285302207,13.15154483484785,0.4569367667316877,12.012848131167411,13.987151868832589,2020,3,Mar,6.163934426229616,1,1,6.123233995736766e-17,1.2246467991473532e-16,-1,AGS/MMA-related (broad)
meat_allergy,Meat allergy,2020-04-01,14,12.214285714285714,2.1547290184283368,17.64105629122615,0.5758755534498965,10.970182218589393,13.458389209982034,2020,4,Apr,6.248633879781437,0,0.8660254037844387,-0.4999999999999998,-0.8660254037844384,-0.5000000000000004,AGS/MMA-related (broad)
meat_allergy,Meat allergy,2020-05-01,14,18.571428571428573,2.10180456217566,11.31740918094586,0.5617308975442662,17.357882747007228,19.78497439584992,2020,5,May,6.330601092896131,0,0.49999999999999994,-0.8660254037844387,-0.8660254037844386,0.5000000000000001,AGS/MMA-related (broad)
meat_allergy,Meat allergy,2020-06-01,14,16.071428571428573,1.9792883614022534,12.31557202650291,0.5289870655711737,14.928621495294381,17.214235647562763,2020,6,Jun,6.415300546448179,0,1.2246467991473532e-16,-1,-2.4492935982947064e-16,1,AGS/MMA-related (broad)
meat_allergy,Meat allergy,2020-07-01,14,14.571428571428571,1.741541567969893,11.951755858616913,0.46544656229774445,13.565892406982169,15.576964735874974,2020,7,Jul,6.497267759562874,0,-0.4999999999999997,-0.8660254037844388,0.8660254037844384,0.5000000000000006,AGS/MMA-related (broad)
meat_allergy,Meat allergy,2020-08-01,14,11.785714285714286,1.4769288003552106,12.531517093922998,0.3947258253991607,10.932960984625534,12.638467586803039,2020,8,Aug,6.5819672131146945,0,-0.8660254037844384,-0.5000000000000004,0.8660254037844392,-0.4999999999999992,AGS/MMA-related (broad)
meat_allergy,Meat allergy,2020-09-01,14,14.857142857142858,2.3157368940873577,15.586690633280293,0.6189067182562076,13.5200761817479,16.194209532537815,2020,9,Sep,6.6666666666667425,0,-1,-1.8369701987210297e-16,3.6739403974420594e-16,-1,AGS/MMA-related (broad)
meat_allergy,Meat allergy,2020-10-01,14,20.857142857142858,2.0701966780270626,9.925600511088655,0.5532833351724882,19.661846881693016,22.0524388325927,2020,10,Oct,6.748633879781437,1,-0.8660254037844386,0.5000000000000001,-0.8660254037844387,-0.49999999999999983,AGS/MMA-related (broad)
meat_allergy,Meat allergy,2020-11-01,14,20.857142857142858,2.5677629550654775,12.311192250313933,0.6862635163075163,19.374560666438157,22.33972504784756,2020,11,Nov,6.8333333333332575,1,-0.5000000000000004,0.8660254037844384,-0.8660254037844392,0.4999999999999991,AGS/MMA-related (broad)
meat_allergy,Meat allergy,2020-12-01,14,18.571428571428573,2.10180456217566,11.31740918094586,0.5617308975442662,17.357882747007228,19.78497439584992,2020,12,Dec,6.915300546448179,1,-2.4492935982947064e-16,1,-4.898587196589413e-16,1,AGS/MMA-related (broad)
meat_allergy,Meat allergy,2021-01-01,14,12.785714285714286,3.786180771590923,29.61258704037593,1.0118993751203313,10.599638592210038,14.971789979218535,2021,1,Jan,7,1,0.49999999999999994,0.8660254037844387,0.8660254037844386,0.5000000000000001,AGS/MMA-related (broad)
meat_allergy,Meat allergy,2021-02-01,14,13.571428571428571,2.064881658530644,15.214917483910009,0.5518628364610866,12.379201396871387,14.763655745985755,2021,2,Feb,7.084931506849216,1,0.8660254037844386,0.5000000000000001,0.8660254037844387,-0.4999999999999998,AGS/MMA-related (broad)
meat_allergy,Meat allergy,2021-03-01,14,13.714285714285714,1.8156825980064073,13.239352277130054,0.4852615860619696,12.665941793572014,14.762629634999413,2021,3,Mar,7.16164383561636,1,1,6.123233995736766e-17,1.2246467991473532e-16,-1,AGS/MMA-related (broad)
meat_allergy,Meat allergy,2021-04-01,14,16.571428571428573,1.650840611711114,9.96196920860155,0.44120571208537873,15.618261579986974,17.52459556287017,2021,4,Apr,7.246575342465803,0,0.8660254037844387,-0.4999999999999998,-0.8660254037844384,-0.5000000000000004,AGS/MMA-related (broad)
meat_allergy,Meat allergy,2021-05-01,14,18.142857142857142,2.6849192182989805,14.79876734495501,0.7175748447171212,16.59263093966412,19.693083346050166,2021,5,May,7.328767123287662,0,0.49999999999999994,-0.8660254037844387,-0.8660254037844386,0.5000000000000001,AGS/MMA-related (broad)
meat_allergy,Meat allergy,2021-06-01,14,19.571428571428573,1.6035674514745464,8.193410336001332,0.4285714285714286,18.645556290087377,20.49730085276977,2021,6,Jun,7.413698630136878,0,1.2246467991473532e-16,-1,-2.4492935982947064e-16,1,AGS/MMA-related (broad)
meat_allergy,Meat allergy,2021-07-01,14,9.357142857142858,1.3926810257774174,14.883614015941864,0.37220966053714166,8.55303277288576,10.161252941399955,2021,7,Jul,7.495890410958964,0,-0.4999999999999997,-0.8660254037844388,0.8660254037844384,0.5000000000000006,AGS/MMA-related (broad)
meat_allergy,Meat allergy,2021-08-01,14,12.357142857142858,1.8232322463624386,14.754480606401238,0.48727931445760464,11.304439899245972,13.409845815039743,2021,8,Aug,7.58082191780818,0,-0.8660254037844384,-0.5000000000000004,0.8660254037844392,-0.4999999999999992,AGS/MMA-related (broad)
meat_allergy,Meat allergy,2021-09-01,14,15.214285714285714,1.2513728724621074,8.224986016182866,0.3344434679897407,14.49176452868196,15.936806899889467,2021,9,Sep,7.665753424657623,0,-1,-1.8369701987210297e-16,3.6739403974420594e-16,-1,AGS/MMA-related (broad)
meat_allergy,Meat allergy,2021-10-01,14,19.928571428571427,2.400778262092579,12.046916010500397,0.6416349798832146,18.542403329141596,21.314739528001258,2021,10,Oct,7.747945205479482,1,-0.8660254037844386,0.5000000000000001,-0.8660254037844387,-0.49999999999999983,AGS/MMA-related (broad)
meat_allergy,Meat allergy,2021-11-01,14,14.642857142857142,1.9848325973644325,13.554954323464418,0.5304688249598812,13.496848920183169,15.788865365531116,2021,11,Nov,7.832876712328698,1,-0.5000000000000004,0.8660254037844384,-0.8660254037844392,0.4999999999999991,AGS/MMA-related (broad)
meat_allergy,Meat allergy,2021-12-01,14,15.928571428571429,1.6391501416322993,10.290628691861968,0.43808130253357463,14.982154313595501,16.874988543547357,2021,12,Dec,7.915068493150784,1,-2.4492935982947064e-16,1,-4.898587196589413e-16,1,AGS/MMA-related (broad)
meat_allergy,Meat allergy,2022-01-01,14,16.357142857142858,1.864945569720998,11.401413963359813,0.49842766906270775,15.280355343385974,17.43393037089974,2022,1,Jan,8,1,0.49999999999999994,0.8660254037844387,0.8660254037844386,0.5000000000000001,AGS/MMA-related (broad)
meat_allergy,Meat allergy,2022-02-01,14,14.142857142857142,1.2314558524297639,8.707263603038735,0.3291204204807019,13.43183570224878,14.853878583465505,2022,2,Feb,8.084931506849216,1,0.8660254037844386,0.5000000000000001,0.8660254037844387,-0.4999999999999998,AGS/MMA-related (broad)
meat_allergy,Meat allergy,2022-03-01,14,14.142857142857142,1.6574838603294897,11.719582850814573,0.44298119496145877,13.185854453859974,15.09985983185431,2022,3,Mar,8.16164383561636,1,1,6.123233995736766e-17,1.2246467991473532e-16,-1,AGS/MMA-related (broad)
meat_allergy,Meat allergy,2022-04-01,14,17.071428571428573,1.8590438284354558,10.889796484559154,0.4968503623572879,15.998048621639708,18.14480852121744,2022,4,Apr,8.246575342465803,0,0.8660254037844387,-0.4999999999999998,-0.8660254037844384,-0.5000000000000004,AGS/MMA-related (broad)
meat_allergy,Meat allergy,2022-05-01,14,14.857142857142858,1.3506205330054124,9.090715125997969,0.3609685210034471,14.07731777839728,15.636967935888435,2022,5,May,8.328767123287662,0,0.49999999999999994,-0.8660254037844387,-0.8660254037844386,0.5000000000000001,AGS/MMA-related (broad)
meat_allergy,Meat allergy,2022-06-01,14,18.357142857142858,1.3363062095621219,7.279489079326734,0.35714285714285715,17.58558262269186,19.128703091593856,2022,6,Jun,8.413698630136878,0,1.2246467991473532e-16,-1,-2.4492935982947064e-16,1,AGS/MMA-related (broad)
meat_allergy,Meat allergy,2022-07-01,14,11.357142857142858,1.780541959721722,15.677727947235287,0.47586985543240934,10.3290885369112,12.385197177374515,2022,7,Jul,8.495890410958964,0,-0.4999999999999997,-0.8660254037844388,0.8660254037844384,0.5000000000000006,AGS/MMA-related (broad)
meat_allergy,Meat allergy,2022-08-01,14,17.285714285714285,1.2666473875533018,7.327712159399266,0.33852575386262335,16.554373857664036,18.017054713764534,2022,8,Aug,8.58082191780818,0,-0.8660254037844384,-0.5000000000000004,0.8660254037844392,-0.4999999999999992,AGS/MMA-related (broad)
meat_allergy,Meat allergy,2022-09-01,14,20.285714285714285,1.6837947722821909,8.300396764771364,0.45001308196578615,19.31352012843718,21.25790844299139,2022,9,Sep,8.665753424657623,0,-1,-1.8369701987210297e-16,3.6739403974420594e-16,-1,AGS/MMA-related (broad)
meat_allergy,Meat allergy,2022-10-01,14,18.357142857142858,2.4053511772118195,13.10308034278812,0.6428571428571429,16.968334435131062,19.745951279154653,2022,10,Oct,8.747945205479482,1,-0.8660254037844386,0.5000000000000001,-0.8660254037844387,-0.49999999999999983,AGS/MMA-related (broad)
meat_allergy,Meat allergy,2022-11-01,14,14.357142857142858,1.6919330254585618,11.784608137522321,0.4521881216167008,13.380249812377352,15.334035901908363,2022,11,Nov,8.832876712328698,1,-0.5000000000000004,0.8660254037844384,-0.8660254037844392,0.4999999999999991,AGS/MMA-related (broad)
meat_allergy,Meat allergy,2022-12-01,14,21.571428571428573,1.2838814775327387,5.951768438893491,0.3431317581537581,20.830137476076224,22.31271966678092,2022,12,Dec,8.915068493150784,1,-2.4492935982947064e-16,1,-4.898587196589413e-16,1,AGS/MMA-related (broad)
meat_allergy,Meat allergy,2023-01-01,14,25,1.6641005886756874,6.656402354702749,0.44474958999666075,24.039176925796536,25.960823074203464,2023,1,Jan,9,1,0.49999999999999994,0.8660254037844387,0.8660254037844386,0.5000000000000001,AGS/MMA-related (broad)
meat_allergy,Meat allergy,2023-02-01,14,22.642857142857142,2.560262692565951,11.30715384729442,0.6842589868372236,21.164605474791017,24.121108810923268,2023,2,Feb,9.084931506849216,1,0.8660254037844386,0.5000000000000001,0.8660254037844387,-0.4999999999999998,AGS/MMA-related (broad)
meat_allergy,Meat allergy,2023-03-01,14,18.714285714285715,1.5406577730392865,8.232522451354967,0.4117581097845098,17.824736399862896,19.603835028708534,2023,3,Mar,9.16164383561636,1,1,6.123233995736766e-17,1.2246467991473532e-16,-1,AGS/MMA-related (broad)
meat_allergy,Meat allergy,2023-04-01,14,17.571428571428573,2.138089935299395,12.167991501703874,0.5714285714285715,16.33693219630698,18.805924946550167,2023,4,Apr,9.246575342465803,0,0.8660254037844387,-0.4999999999999998,-0.8660254037844384,-0.5000000000000004,AGS/MMA-related (broad)
meat_allergy,Meat allergy,2023-05-01,14,14.142857142857142,1.7032612545052803,12.043261395491882,0.4552157181803952,13.159423373371018,15.126290912343267,2023,5,May,9.328767123287662,0,0.49999999999999994,-0.8660254037844387,-0.8660254037844386,0.5000000000000001,AGS/MMA-related (broad)
meat_allergy,Meat allergy,2023-06-01,14,19.5,1.5063966175050876,7.7251108590004485,0.40260143080708505,18.6302324878373,20.3697675121627,2023,6,Jun,9.413698630136878,0,1.2246467991473532e-16,-1,-2.4492935982947064e-16,1,AGS/MMA-related (broad)
meat_allergy,Meat allergy,2023-07-01,14,24.428571428571427,1.696797241605749,6.94595362060833,0.4534881380651285,23.44886986901785,25.408272988125002,2023,7,Jul,9.495890410958964,0,-0.4999999999999997,-0.8660254037844388,0.8660254037844384,0.5000000000000006,AGS/MMA-related (broad)
meat_allergy,Meat allergy,2023-08-01,14,52.5,1.8708286933869707,3.5634832254989917,0.5,51.4198156717686,53.5801843282314,2023,8,Aug,9.58082191780818,0,-0.8660254037844384,-0.5000000000000004,0.8660254037844392,-0.4999999999999992,AGS/MMA-related (broad)
meat_allergy,Meat allergy,2023-09-01,14,38.42857142857143,1.869359648250035,4.864504660873696,0.49960738117227715,37.34923530174938,39.50790755539348,2023,9,Sep,9.665753424657623,0,-1,-1.8369701987210297e-16,3.6739403974420594e-16,-1,AGS/MMA-related (broad)
meat_allergy,Meat allergy,2023-10-01,14,25.5,1.8292495308606331,7.173527572002484,0.4888875013855325,24.443822765470287,26.556177234529713,2023,10,Oct,9.747945205479482,1,-0.8660254037844386,0.5000000000000001,-0.8660254037844387,-0.49999999999999983,AGS/MMA-related (broad)
meat_allergy,Meat allergy,2023-11-01,14,30.928571428571427,2.200149845046773,7.113648459735525,0.5880147799806287,29.658242728364414,32.19890012877844,2023,11,Nov,9.832876712328698,1,-0.5000000000000004,0.8660254037844384,-0.8660254037844392,0.4999999999999991,AGS/MMA-related (broad)
meat_allergy,Meat allergy,2023-12-01,14,24.071428571428573,1.4917354742965407,6.197120664733403,0.3986830754653129,23.21012615133112,24.932730991526025,2023,12,Dec,9.915068493150784,1,-2.4492935982947064e-16,1,-4.898587196589413e-16,1,AGS/MMA-related (broad)
meat_allergy,Meat allergy,2024-01-01,14,27.785714285714285,1.9286731759891875,6.941240222069056,0.51545958825805,26.672131547568377,28.899297023860193,2024,1,Jan,10,1,0.49999999999999994,0.8660254037844387,0.8660254037844386,0.5000000000000001,AGS/MMA-related (broad)
meat_allergy,Meat allergy,2024-02-01,14,20,1.7974340685458343,8.987170342729172,0.4803844614152614,18.96219246650671,21.03780753349329,2024,2,Feb,10.08469945355182,1,0.8660254037844386,0.5000000000000001,0.8660254037844387,-0.4999999999999998,AGS/MMA-related (broad)
meat_allergy,Meat allergy,2024-03-01,14,27.857142857142858,1.7032612545052803,6.114271170018955,0.4552157181803952,26.87370908765673,28.840576626628984,2024,3,Mar,10.163934426229616,1,1,6.123233995736766e-17,1.2246467991473532e-16,-1,AGS/MMA-related (broad)
meat_allergy,Meat allergy,2024-04-01,14,16.928571428571427,1.1411388181101378,6.740904410777186,0.3049821777225916,16.269697491039775,17.58744536610308,2024,4,Apr,10.248633879781437,0,0.8660254037844387,-0.4999999999999998,-0.8660254037844384,-0.5000000000000004,AGS/MMA-related (broad)
meat_allergy,Meat allergy,2024-05-01,14,19.357142857142858,1.8232322463624386,9.418911973828097,0.48727931445760464,18.30443989924597,20.409845815039745,2024,5,May,10.330601092896131,0,0.49999999999999994,-0.8660254037844387,-0.8660254037844386,0.5000000000000001,AGS/MMA-related (broad)
meat_allergy,Meat allergy,2024-06-01,14,16.714285714285715,2.0913216810491813,12.512180997730143,0.5589292297155832,15.506792525227278,17.921778903344155,2024,6,Jun,10.41530054644818,0,1.2246467991473532e-16,-1,-2.4492935982947064e-16,1,AGS/MMA-related (broad)
meat_allergy,Meat allergy,2024-07-01,14,21.785714285714285,1.847183778644646,8.478876360991817,0.4936806307210529,20.71918212480174,22.85224644662683,2024,7,Jul,10.497267759562874,0,-0.4999999999999997,-0.8660254037844388,0.8660254037844384,0.5000000000000006,AGS/MMA-related (broad)
meat_allergy,Meat allergy,2024-08-01,14,23.357142857142858,2.340517459456771,10.020564046603912,0.625529602932129,22.005768309278672,24.708517405007044,2024,8,Aug,10.581967213114694,0,-0.8660254037844384,-0.5000000000000004,0.8660254037844392,-0.4999999999999992,AGS/MMA-related (broad)
meat_allergy,Meat allergy,2024-09-01,14,21,1.2403473458920846,5.90641593281945,0.33149677206589795,20.283844763910245,21.716155236089755,2024,9,Sep,10.666666666666742,0,-1,-1.8369701987210297e-16,3.6739403974420594e-16,-1,AGS/MMA-related (broad)
meat_allergy,Meat allergy,2024-10-01,14,27.071428571428573,1.2688144505364485,4.686913537601656,0.33910492580680157,26.338836918463418,27.804020224393728,2024,10,Oct,10.748633879781437,1,-0.8660254037844386,0.5000000000000001,-0.8660254037844387,-0.49999999999999983,AGS/MMA-related (broad)
meat_allergy,Meat allergy,2024-11-01,14,23.714285714285715,1.5406577730392865,6.496749645346389,0.4117581097845098,22.824736399862896,24.603835028708534,2024,11,Nov,10.833333333333258,1,-0.5000000000000004,0.8660254037844384,-0.8660254037844392,0.4999999999999991,AGS/MMA-related (broad)
meat_allergy,Meat allergy,2024-12-01,14,17.214285714285715,2.0821058655036815,12.09522079545707,0.5564661994076572,16.01211357870444,18.41645784986699,2024,12,Dec,10.91530054644818,1,-2.4492935982947064e-16,1,-4.898587196589413e-16,1,AGS/MMA-related (broad)
meat_allergy,Meat allergy,2025-01-01,14,18.428571428571427,1.869359648250035,10.143812044767632,0.49960738117227715,17.34923530174938,19.507907555393473,2025,1,Jan,11,1,0.49999999999999994,0.8660254037844387,0.8660254037844386,0.5000000000000001,AGS/MMA-related (broad)
meat_allergy,Meat allergy,2025-02-01,14,26.5,1.6525039276108335,6.235863877776731,0.44165025195843044,25.54587263855011,27.45412736144989,2025,2,Feb,11.084931506849216,1,0.8660254037844386,0.5000000000000001,0.8660254037844387,-0.4999999999999998,AGS/MMA-related (broad)
meat_allergy,Meat allergy,2025-03-01,14,27.285714285714285,2.3673604720015926,8.676190211524162,0.6327036998015289,25.91884104383502,28.65258752759355,2025,3,Mar,11.16164383561636,1,1,6.123233995736766e-17,1.2246467991473532e-16,-1,AGS/MMA-related (broad)
meat_allergy,Meat allergy,2025-04-01,14,17,1.7541160386140584,10.318329638906226,0.4688072309384954,15.98720355235736,18.01279644764264,2025,4,Apr,11.246575342465803,0,0.8660254037844387,-0.4999999999999998,-0.8660254037844384,-0.5000000000000004,AGS/MMA-related (broad)
meat_allergy,Meat allergy,2025-05-01,14,25.071428571428573,2.1290765681316004,8.492043291692992,0.569019647725494,23.842136359570915,26.30072078328623,2025,5,May,11.328767123287662,0,0.49999999999999994,-0.8660254037844387,-0.8660254037844386,0.5000000000000001,AGS/MMA-related (broad)
meat_allergy,Meat allergy,2025-06-01,14,20.142857142857142,3.0345990194408237,15.065385202897708,0.8110307026419799,18.390731833440416,21.89498245227387,2025,6,Jun,11.413698630136878,0,1.2246467991473532e-16,-1,-2.4492935982947064e-16,1,AGS/MMA-related (broad)
meat_allergy,Meat allergy,2025-07-01,14,25.214285714285715,1.2513728724621074,4.962951902116006,0.3344434679897407,24.491764528681962,25.93680689988947,2025,7,Jul,11.495890410958964,0,-0.4999999999999997,-0.8660254037844388,0.8660254037844384,0.5000000000000006,AGS/MMA-related (broad)
meat_allergy,Meat allergy,2025-08-01,14,22.857142857142858,1.4600918230947435,6.387901726039502,0.390225953946477,22.014110937298597,23.70017477698712,2025,8,Aug,11.58082191780818,0,-0.8660254037844384,-0.5000000000000004,0.8660254037844392,-0.4999999999999992,AGS/MMA-related (broad)
meat_allergy,Meat allergy,2025-09-01,14,27.071428571428573,2.4950500446433383,9.216543700529481,0.6668301735650285,25.630829565275043,28.512027577582103,2025,9,Sep,11.665753424657623,0,-1,-1.8369701987210297e-16,3.6739403974420594e-16,-1,AGS/MMA-related (broad)
meat_allergy,Meat allergy,2025-10-01,14,29.357142857142858,2.0608863984346026,7.020050992234656,0.5507950582860554,28.167222477087066,30.54706323719865,2025,10,Oct,11.747945205479482,1,-0.8660254037844386,0.5000000000000001,-0.8660254037844387,-0.49999999999999983,AGS/MMA-related (broad)
meat_allergy,Meat allergy,2025-11-01,14,57.785714285714285,1.847183778644646,3.196609752907916,0.4936806307210529,56.71918212480174,58.85224644662683,2025,11,Nov,11.832876712328698,1,-0.5000000000000004,0.8660254037844384,-0.8660254037844392,0.4999999999999991,AGS/MMA-related (broad)
meat_allergy,Meat allergy,2025-12-01,14,30.357142857142858,1.864945569720998,6.1433501120221115,0.49842766906270775,29.280355343385974,31.43393037089974,2025,12,Dec,11.915068493150784,1,-2.4492935982947064e-16,1,-4.898587196589413e-16,1,AGS/MMA-related (broad)
meat_allergy,Meat allergy,2026-01-01,14,33.214285714285715,2.3592231912080863,7.103037564927571,0.6305289200308662,31.852110798457698,34.576460630113736,2026,1,Jan,12,1,0.49999999999999994,0.8660254037844387,0.8660254037844386,0.5000000000000001,AGS/MMA-related (broad)
meat_allergy,Meat allergy,2026-02-01,14,100,0,0,0,100,100,2026,2,Feb,12.084931506849216,1,0.8660254037844386,0.5000000000000001,0.8660254037844387,-0.4999999999999998,AGS/MMA-related (broad)
tick_allergy,Tick allergy,2014-02-01,11,9.727272727272727,9.571738704027698,98.40105209748101,2.885987806598412,3.296891169032156,16.157654285513296,2014,2,Feb,0.08493150684921602,1,0.8660254037844386,0.5000000000000001,0.8660254037844387,-0.4999999999999998,AGS/MMA-related (broad)
tick_allergy,Tick allergy,2014-03-01,11,0,0,NA,0,0,0,2014,3,Mar,0.16164383561635987,1,1,6.123233995736766e-17,1.2246467991473532e-16,-1,AGS/MMA-related (broad)
tick_allergy,Tick allergy,2014-04-01,11,0,0,NA,0,0,0,2014,4,Apr,0.24657534246580326,0,0.8660254037844387,-0.4999999999999998,-0.8660254037844384,-0.5000000000000004,AGS/MMA-related (broad)
tick_allergy,Tick allergy,2014-05-01,11,0,0,NA,0,0,0,2014,5,May,0.3287671232876619,0,0.49999999999999994,-0.8660254037844387,-0.8660254037844386,0.5000000000000001,AGS/MMA-related (broad)
tick_allergy,Tick allergy,2014-06-01,11,0,0,NA,0,0,0,2014,6,Jun,0.4136986301368779,0,1.2246467991473532e-16,-1,-2.4492935982947064e-16,1,AGS/MMA-related (broad)
tick_allergy,Tick allergy,2014-07-01,11,1.5454545454545454,5.125692857821981,331.66247903554,1.5454545454545454,0,4.988941862160605,2014,7,Jul,0.4958904109589639,0,-0.4999999999999997,-0.8660254037844388,0.8660254037844384,0.5000000000000006,AGS/MMA-related (broad)
tick_allergy,Tick allergy,2014-08-01,11,15.090909090909092,7.9051191699372305,52.383319800788875,2.383483109975229,9.780177770520211,20.401640411297972,2014,8,Aug,0.5808219178081799,0,-0.8660254037844384,-0.5000000000000004,0.8660254037844392,-0.4999999999999992,AGS/MMA-related (broad)
tick_allergy,Tick allergy,2014-09-01,11,14.090909090909092,9.627611806201426,68.32498701175204,2.9028341807605433,7.622991471882779,20.558826709935403,2014,9,Sep,0.6657534246576233,0,-1,-1.8369701987210297e-16,3.6739403974420594e-16,-1,AGS/MMA-related (broad)
tick_allergy,Tick allergy,2014-10-01,11,0,0,NA,0,0,0,2014,10,Oct,0.747945205479482,1,-0.8660254037844386,0.5000000000000001,-0.8660254037844387,-0.49999999999999983,AGS/MMA-related (broad)
tick_allergy,Tick allergy,2014-11-01,11,1.8181818181818181,6.030226891555273,331.66247903554,1.8181818181818183,0,5.8693433672477715,2014,11,Nov,0.832876712328698,1,-0.5000000000000004,0.8660254037844384,-0.8660254037844392,0.4999999999999991,AGS/MMA-related (broad)
tick_allergy,Tick allergy,2014-12-01,11,0,0,NA,0,0,0,2014,12,Dec,0.915068493150784,1,-2.4492935982947064e-16,1,-4.898587196589413e-16,1,AGS/MMA-related (broad)
tick_allergy,Tick allergy,2015-01-01,11,0,0,NA,0,0,0,2015,1,Jan,1,1,0.49999999999999994,0.8660254037844387,0.8660254037844386,0.5000000000000001,AGS/MMA-related (broad)
tick_allergy,Tick allergy,2015-02-01,11,36,3.3763886032268267,9.378857231185629,1.0180194675759577,33.73171127221563,38.26828872778437,2015,2,Feb,1.084931506849216,1,0.8660254037844386,0.5000000000000001,0.8660254037844387,-0.4999999999999998,AGS/MMA-related (broad)
tick_allergy,Tick allergy,2015-03-01,11,1.5454545454545454,5.125692857821981,331.66247903554,1.5454545454545454,0,4.988941862160605,2015,3,Mar,1.1616438356163599,1,1,6.123233995736766e-17,1.2246467991473532e-16,-1,AGS/MMA-related (broad)
tick_allergy,Tick allergy,2015-04-01,11,4.454545454545454,7.6467461885907575,171.66164913162928,2.3055807249668887,0,9.591699444234859,2015,4,Apr,1.2465753424658033,0,0.8660254037844387,-0.4999999999999998,-0.8660254037844384,-0.5000000000000004,AGS/MMA-related (broad)
tick_allergy,Tick allergy,2015-05-01,11,1.2727272727272727,4.221158824088691,331.66247903554,1.2727272727272727,0,4.10854035707344,2015,5,May,1.3287671232876619,0,0.49999999999999994,-0.8660254037844387,-0.8660254037844386,0.5000000000000001,AGS/MMA-related (broad)
tick_allergy,Tick allergy,2015-06-01,11,0,0,NA,0,0,0,2015,6,Jun,1.413698630136878,0,1.2246467991473532e-16,-1,-2.4492935982947064e-16,1,AGS/MMA-related (broad)
tick_allergy,Tick allergy,2015-07-01,11,1.3636363636363635,4.522670168666454,331.66247903554,1.3636363636363635,0,4.4020075254358275,2015,7,Jul,1.495890410958964,0,-0.4999999999999997,-0.8660254037844388,0.8660254037844384,0.5000000000000006,AGS/MMA-related (broad)
tick_allergy,Tick allergy,2015-08-01,11,0,0,NA,0,0,0,2015,8,Aug,1.58082191780818,0,-0.8660254037844384,-0.5000000000000004,0.8660254037844392,-0.4999999999999992,AGS/MMA-related (broad)
tick_allergy,Tick allergy,2015-09-01,11,4.818181818181818,8.28031619949603,171.85561923482325,2.4966092708390857,0,10.380973932767507,2015,9,Sep,1.6657534246576233,0,-1,-1.8369701987210297e-16,3.6739403974420594e-16,-1,AGS/MMA-related (broad)
tick_allergy,Tick allergy,2015-10-01,11,9.818181818181818,8.10947818072386,82.59653702589117,2.4450996700940872,4.370160246266361,15.266203390097274,2015,10,Oct,1.747945205479482,1,-0.8660254037844386,0.5000000000000001,-0.8660254037844387,-0.49999999999999983,AGS/MMA-related (broad)
tick_allergy,Tick allergy,2015-11-01,11,8.363636363636363,8.078028562374946,96.58512411535263,2.435617253379249,2.936742932813962,13.790529794458765,2015,11,Nov,1.832876712328698,1,-0.5000000000000004,0.8660254037844384,-0.8660254037844392,0.4999999999999991,AGS/MMA-related (broad)
tick_allergy,Tick allergy,2015-12-01,11,8.909090909090908,10.482886486598483,117.66505240059524,3.160709199630377,1.8665919415640255,15.951589876617792,2015,12,Dec,1.915068493150784,1,-2.4492935982947064e-16,1,-4.898587196589413e-16,1,AGS/MMA-related (broad)
tick_allergy,Tick allergy,2016-01-01,11,0,0,NA,0,0,0,2016,1,Jan,2,1,0.49999999999999994,0.8660254037844387,0.8660254037844386,0.5000000000000001,AGS/MMA-related (broad)
tick_allergy,Tick allergy,2016-02-01,11,1.8181818181818181,6.030226891555273,331.66247903554,1.8181818181818183,0,5.8693433672477715,2016,2,Feb,2.0846994535518206,1,0.8660254037844386,0.5000000000000001,0.8660254037844387,-0.4999999999999998,AGS/MMA-related (broad)
tick_allergy,Tick allergy,2016-03-01,11,1.2727272727272727,4.221158824088691,331.66247903554,1.2727272727272727,0,4.10854035707344,2016,3,Mar,2.1639344262296163,1,1,6.123233995736766e-17,1.2246467991473532e-16,-1,AGS/MMA-related (broad)
tick_allergy,Tick allergy,2016-04-01,11,6.2727272727272725,8.718840623510777,138.9960099400269,2.6288293595539614,0.4153304414628973,12.130124103991648,2016,4,Apr,2.248633879781437,0,0.8660254037844387,-0.4999999999999998,-0.8660254037844384,-0.5000000000000004,AGS/MMA-related (broad)
tick_allergy,Tick allergy,2016-05-01,11,1.5454545454545454,5.125692857821981,331.66247903554,1.5454545454545454,0,4.988941862160605,2016,5,May,2.3306010928961314,0,0.49999999999999994,-0.8660254037844387,-0.8660254037844386,0.5000000000000001,AGS/MMA-related (broad)
tick_allergy,Tick allergy,2016-06-01,11,20.727272727272727,2.6491851234260353,12.781156297230872,0.7987593685995926,18.947525944707948,22.507019509837505,2016,6,Jun,2.4153005464481794,0,1.2246467991473532e-16,-1,-2.4492935982947064e-16,1,AGS/MMA-related (broad)
tick_allergy,Tick allergy,2016-07-01,11,4.545454545454546,7.789270008975634,171.36394019746393,2.3485532736854924,0,9.778357340512745,2016,7,Jul,2.497267759562874,0,-0.4999999999999997,-0.8660254037844388,0.8660254037844384,0.5000000000000006,AGS/MMA-related (broad)
tick_allergy,Tick allergy,2016-08-01,11,5.909090909090909,8.203103625513279,138.82175366253242,2.4733288038392365,0.39817090751996886,11.42001091066185,2016,8,Aug,2.5819672131146945,0,-0.8660254037844384,-0.5000000000000004,0.8660254037844392,-0.4999999999999992,AGS/MMA-related (broad)
tick_allergy,Tick allergy,2016-09-01,11,20.272727272727273,4.4292416752963275,21.84827732208951,1.335466612978462,17.297122226819447,23.2483323186351,2016,9,Sep,2.6666666666667425,0,-1,-1.8369701987210297e-16,3.6739403974420594e-16,-1,AGS/MMA-related (broad)
tick_allergy,Tick allergy,2016-10-01,11,34.54545454545455,2.3817487845545915,6.894535955289606,0.7181242784775091,32.9453739400242,36.145535150884896,2016,10,Oct,2.748633879781437,1,-0.8660254037844386,0.5000000000000001,-0.8660254037844387,-0.49999999999999983,AGS/MMA-related (broad)
tick_allergy,Tick allergy,2016-11-01,11,29.727272727272727,2.3702704103502237,7.973386701483933,0.7146634184375835,28.134903398558624,31.31964205598683,2016,11,Nov,2.8333333333332575,1,-0.5000000000000004,0.8660254037844384,-0.8660254037844392,0.4999999999999991,AGS/MMA-related (broad)
tick_allergy,Tick allergy,2016-12-01,11,43,4.919349550499537,11.440347791859388,1.4832396974191324,39.69513600337206,46.30486399662794,2016,12,Dec,2.9153005464481794,1,-2.4492935982947064e-16,1,-4.898587196589413e-16,1,AGS/MMA-related (broad)
tick_allergy,Tick allergy,2017-01-01,11,1.2727272727272727,4.221158824088691,331.66247903554,1.2727272727272727,0,4.10854035707344,2017,1,Jan,3,1,0.49999999999999994,0.8660254037844387,0.8660254037844386,0.5000000000000001,AGS/MMA-related (broad)
tick_allergy,Tick allergy,2017-02-01,11,10.636363636363637,8.547195180557505,80.35824528729279,2.5770763112584745,4.894279782715158,16.378447490012114,2017,2,Feb,3.084931506849216,1,0.8660254037844386,0.5000000000000001,0.8660254037844387,-0.4999999999999998,AGS/MMA-related (broad)
tick_allergy,Tick allergy,2017-03-01,11,4.909090909090909,6.876838597125069,140.08374920069585,2.0734448518634414,0.2891678772030506,9.529013940978768,2017,3,Mar,3.16164383561636,1,1,6.123233995736766e-17,1.2246467991473532e-16,-1,AGS/MMA-related (broad)
tick_allergy,Tick allergy,2017-04-01,11,6.818181818181818,7.884391946347947,115.63774854643655,2.37723361692146,1.5213752360712585,12.114988400292379,2017,4,Apr,3.2465753424658033,0,0.8660254037844387,-0.4999999999999998,-0.8660254037844384,-0.5000000000000004,AGS/MMA-related (broad)
tick_allergy,Tick allergy,2017-05-01,11,12,7.810249675906654,65.08541396588879,2.354878881270658,6.753002872918875,17.246997127081123,2017,5,May,3.328767123287662,0,0.49999999999999994,-0.8660254037844387,-0.8660254037844386,0.5000000000000001,AGS/MMA-related (broad)
tick_allergy,Tick allergy,2017-06-01,11,14.181818181818182,9.693484222076,68.35149130951027,2.9226954614414717,7.669646871656488,20.693989491979877,2017,6,Jun,3.413698630136878,0,1.2246467991473532e-16,-1,-2.4492935982947064e-16,1,AGS/MMA-related (broad)
tick_allergy,Tick allergy,2017-07-01,11,12,7.886697661252142,65.72248051043451,2.377928816122437,6.701644417539874,17.298355582460125,2017,7,Jul,3.495890410958964,0,-0.4999999999999997,-0.8660254037844388,0.8660254037844384,0.5000000000000006,AGS/MMA-related (broad)
tick_allergy,Tick allergy,2017-08-01,11,7.2727272727272725,8.77600033148255,120.67000455788505,2.6460636599602028,1.376930027140948,13.168524518313596,2017,8,Aug,3.58082191780818,0,-0.8660254037844384,-0.5000000000000004,0.8660254037844392,-0.4999999999999992,AGS/MMA-related (broad)
tick_allergy,Tick allergy,2017-09-01,11,23.454545454545453,4.083225106790865,17.409099292519194,1.231138692162196,20.711397502355297,26.19769340673561,2017,9,Sep,3.6657534246576233,0,-1,-1.8369701987210297e-16,3.6739403974420594e-16,-1,AGS/MMA-related (broad)
tick_allergy,Tick allergy,2017-10-01,11,15.363636363636363,8.357903173317185,54.400553199105936,2.520002623637622,9.748720610802035,20.97855211647069,2017,10,Oct,3.747945205479482,1,-0.8660254037844386,0.5000000000000001,-0.8660254037844387,-0.49999999999999983,AGS/MMA-related (broad)
tick_allergy,Tick allergy,2017-11-01,11,2.727272727272727,6.084256882987586,223.08941904287818,1.8344724735461002,0,6.814732118480155,2017,11,Nov,3.832876712328698,1,-0.5000000000000004,0.8660254037844384,-0.8660254037844392,0.4999999999999991,AGS/MMA-related (broad)
tick_allergy,Tick allergy,2017-12-01,11,18.454545454545453,6.9478577470129075,37.64849025474975,2.094857931236893,13.786911108564942,23.122179800525963,2017,12,Dec,3.915068493150784,1,-2.4492935982947064e-16,1,-4.898587196589413e-16,1,AGS/MMA-related (broad)
tick_allergy,Tick allergy,2018-01-01,11,14.363636363636363,7.419875029577348,51.65735780085495,2.23717649676684,9.378896492439623,19.348376234833104,2018,1,Jan,4,1,0.49999999999999994,0.8660254037844387,0.8660254037844386,0.5000000000000001,AGS/MMA-related (broad)
tick_allergy,Tick allergy,2018-02-01,11,0,0,NA,0,0,0,2018,2,Feb,4.084931506849216,1,0.8660254037844386,0.5000000000000001,0.8660254037844387,-0.4999999999999998,AGS/MMA-related (broad)
tick_allergy,Tick allergy,2018-03-01,11,2.3636363636363638,5.277740563398836,223.28902383610458,1.5912986536029867,0,5.909270718842626,2018,3,Mar,4.16164383561636,1,1,6.123233995736766e-17,1.2246467991473532e-16,-1,AGS/MMA-related (broad)
tick_allergy,Tick allergy,2018-04-01,11,11.818181818181818,8.219710235989853,69.55139430452952,2.4783358852929074,6.296105343888894,17.340258292474743,2018,4,Apr,4.246575342465803,0,0.8660254037844387,-0.4999999999999998,-0.8660254037844384,-0.5000000000000004,AGS/MMA-related (broad)
tick_allergy,Tick allergy,2018-05-01,11,10.090909090909092,8.190904046007931,81.17112117665516,2.4696504922192957,4.588184878368254,15.59363330344993,2018,5,May,4.328767123287662,0,0.49999999999999994,-0.8660254037844387,-0.8660254037844386,0.5000000000000001,AGS/MMA-related (broad)
tick_allergy,Tick allergy,2018-06-01,11,1.0909090909090908,3.6181361349331636,331.66247903554,1.090909090909091,0,3.5216060203486625,2018,6,Jun,4.413698630136878,0,1.2246467991473532e-16,-1,-2.4492935982947064e-16,1,AGS/MMA-related (broad)
tick_allergy,Tick allergy,2018-07-01,11,2.272727272727273,5.06144068602822,222.7033901852417,1.526081786744967,0,5.6730493930823656,2018,7,Jul,4.495890410958964,0,-0.4999999999999997,-0.8660254037844388,0.8660254037844384,0.5000000000000006,AGS/MMA-related (broad)
tick_allergy,Tick allergy,2018-08-01,11,13.454545454545455,4.906396567005899,36.466460970989786,1.4793342259496722,10.158383390633949,16.75070751845696,2018,8,Aug,4.58082191780818,0,-0.8660254037844384,-0.5000000000000004,0.8660254037844392,-0.4999999999999992,AGS/MMA-related (broad)
tick_allergy,Tick allergy,2018-09-01,11,13.181818181818182,10.077878564640297,76.45287186968501,3.0385947165161187,6.411407238508399,19.952229125127964,2018,9,Sep,4.665753424657623,0,-1,-1.8369701987210297e-16,3.6739403974420594e-16,-1,AGS/MMA-related (broad)
tick_allergy,Tick allergy,2018-10-01,11,13,4.427188724235731,34.05529787873639,1.3348476249438292,10.025774145381051,15.974225854618949,2018,10,Oct,4.747945205479482,1,-0.8660254037844386,0.5000000000000001,-0.8660254037844387,-0.49999999999999983,AGS/MMA-related (broad)
tick_allergy,Tick allergy,2018-11-01,11,22,3,13.636363636363635,0.9045340337332909,19.98457257649499,24.01542742350501,2018,11,Nov,4.832876712328698,1,-0.5000000000000004,0.8660254037844384,-0.8660254037844392,0.4999999999999991,AGS/MMA-related (broad)
tick_allergy,Tick allergy,2018-12-01,11,10.545454545454545,6.8463659902701135,64.92243611463039,2.064257015197814,5.946003289407075,15.144905801502015,2018,12,Dec,4.915068493150784,1,-2.4492935982947064e-16,1,-4.898587196589413e-16,1,AGS/MMA-related (broad)
tick_allergy,Tick allergy,2019-01-01,11,19.454545454545453,2.621588692515909,13.475455896109814,0.7904387316103331,17.69333820652972,21.215752702561186,2019,1,Jan,5,1,0.49999999999999994,0.8660254037844387,0.8660254037844386,0.5000000000000001,AGS/MMA-related (broad)
tick_allergy,Tick allergy,2019-02-01,11,11.636363636363637,7.671671620614731,65.92842798965785,2.3130960254906183,6.482464513592958,16.790262759134315,2019,2,Feb,5.084931506849216,1,0.8660254037844386,0.5000000000000001,0.8660254037844387,-0.4999999999999998,AGS/MMA-related (broad)
tick_allergy,Tick allergy,2019-03-01,11,0,0,NA,0,0,0,2019,3,Mar,5.16164383561636,1,1,6.123233995736766e-17,1.2246467991473532e-16,-1,AGS/MMA-related (broad)
tick_allergy,Tick allergy,2019-04-01,11,12.181818181818182,6.258085678834732,51.37234512476273,1.8868838275083066,7.977579016562357,16.386057347074008,2019,4,Apr,5.246575342465803,0,0.8660254037844387,-0.4999999999999998,-0.8660254037844384,-0.5000000000000004,AGS/MMA-related (broad)
tick_allergy,Tick allergy,2019-05-01,11,5.363636363636363,7.697697412508851,143.5163924366057,2.320943096998316,0.19225287596506835,10.53501985130766,2019,5,May,5.328767123287662,0,0.49999999999999994,-0.8660254037844387,-0.8660254037844386,0.5000000000000001,AGS/MMA-related (broad)
tick_allergy,Tick allergy,2019-06-01,11,12.545454545454545,9.616274084734028,76.65146009570603,2.8994157291164604,6.085153711350049,19.00575537955904,2019,6,Jun,5.413698630136878,0,1.2246467991473532e-16,-1,-2.4492935982947064e-16,1,AGS/MMA-related (broad)
tick_allergy,Tick allergy,2019-07-01,11,14.181818181818182,7.3731700349060425,51.990301528183636,2.2230944110249973,9.228455152979842,19.13518121065652,2019,7,Jul,5.495890410958964,0,-0.4999999999999997,-0.8660254037844388,0.8660254037844384,0.5000000000000006,AGS/MMA-related (broad)
tick_allergy,Tick allergy,2019-08-01,11,16.09090909090909,3.2696955654783966,20.320141932351618,0.9858503063073425,13.894297721183131,18.287520460635047,2019,8,Aug,5.58082191780818,0,-0.8660254037844384,-0.5000000000000004,0.8660254037844392,-0.4999999999999992,AGS/MMA-related (broad)
tick_allergy,Tick allergy,2019-09-01,11,14.363636363636363,5.427204202399745,37.78433305468177,1.6363636363636362,10.717590969477007,18.009681757795722,2019,9,Sep,5.665753424657623,0,-1,-1.8369701987210297e-16,3.6739403974420594e-16,-1,AGS/MMA-related (broad)
tick_allergy,Tick allergy,2019-10-01,11,15.545454545454545,2.46429041972071,15.852160594694626,0.7430115178800927,13.889921714992617,17.200987375916473,2019,10,Oct,5.747945205479482,1,-0.8660254037844386,0.5000000000000001,-0.8660254037844387,-0.49999999999999983,AGS/MMA-related (broad)
tick_allergy,Tick allergy,2019-11-01,11,13.090909090909092,7.879778492502761,60.192752373284975,2.375842608249451,7.797201869264086,18.384616312554098,2019,11,Nov,5.832876712328698,1,-0.5000000000000004,0.8660254037844384,-0.8660254037844392,0.4999999999999991,AGS/MMA-related (broad)
tick_allergy,Tick allergy,2019-12-01,11,14.818181818181818,8.506681865665152,57.40705553516361,2.564861087211979,9.103315179817052,20.533048456546585,2019,12,Dec,5.915068493150784,1,-2.4492935982947064e-16,1,-4.898587196589413e-16,1,AGS/MMA-related (broad)
tick_allergy,Tick allergy,2020-01-01,11,0,0,NA,0,0,0,2020,1,Jan,6,1,0.49999999999999994,0.8660254037844387,0.8660254037844386,0.5000000000000001,AGS/MMA-related (broad)
tick_allergy,Tick allergy,2020-02-01,11,4.090909090909091,7.020748470847613,171.61829595405277,2.1168353113875416,0,8.807512091468134,2020,2,Feb,6.084699453551821,1,0.8660254037844386,0.5000000000000001,0.8660254037844387,-0.4999999999999998,AGS/MMA-related (broad)
tick_allergy,Tick allergy,2020-03-01,11,1.0909090909090908,3.6181361349331636,331.66247903554,1.090909090909091,0,3.5216060203486625,2020,3,Mar,6.163934426229616,1,1,6.123233995736766e-17,1.2246467991473532e-16,-1,AGS/MMA-related (broad)
tick_allergy,Tick allergy,2020-04-01,11,0.9090909090909091,3.0151134457776365,331.66247903554,0.9090909090909092,0,2.9346716836238858,2020,4,Apr,6.248633879781437,0,0.8660254037844387,-0.4999999999999998,-0.8660254037844384,-0.5000000000000004,AGS/MMA-related (broad)
tick_allergy,Tick allergy,2020-05-01,11,0.9090909090909091,3.0151134457776365,331.66247903554,0.9090909090909092,0,2.9346716836238858,2020,5,May,6.330601092896131,0,0.49999999999999994,-0.8660254037844387,-0.8660254037844386,0.5000000000000001,AGS/MMA-related (broad)
tick_allergy,Tick allergy,2020-06-01,11,11.181818181818182,7.4675053641518305,66.7825682972928,2.2515375829870807,6.165079816457397,16.198556547178967,2020,6,Jun,6.415300546448179,0,1.2246467991473532e-16,-1,-2.4492935982947064e-16,1,AGS/MMA-related (broad)
tick_allergy,Tick allergy,2020-07-01,11,0,0,NA,0,0,0,2020,7,Jul,6.497267759562874,0,-0.4999999999999997,-0.8660254037844388,0.8660254037844384,0.5000000000000006,AGS/MMA-related (broad)
tick_allergy,Tick allergy,2020-08-01,11,1.4545454545454546,4.824181513244218,331.66247903554,1.4545454545454546,0,4.695474693798216,2020,8,Aug,6.5819672131146945,0,-0.8660254037844384,-0.5000000000000004,0.8660254037844392,-0.4999999999999992,AGS/MMA-related (broad)
tick_allergy,Tick allergy,2020-09-01,11,9.454545454545455,6.170310143965802,65.26289575348444,1.860418507968943,5.3092746959855175,13.599816213105392,2020,9,Sep,6.6666666666667425,0,-1,-1.8369701987210297e-16,3.6739403974420594e-16,-1,AGS/MMA-related (broad)
tick_allergy,Tick allergy,2020-10-01,11,15.090909090909092,5.611676139168145,37.18580574147566,1.6919840180555408,11.320933763339696,18.860884418478488,2020,10,Oct,6.748633879781437,1,-0.8660254037844386,0.5000000000000001,-0.8660254037844387,-0.49999999999999983,AGS/MMA-related (broad)
tick_allergy,Tick allergy,2020-11-01,11,16.90909090909091,6.378942631103456,37.72492953878388,1.9233235696884203,12.62365893852721,21.19452287965461,2020,11,Nov,6.8333333333332575,1,-0.5000000000000004,0.8660254037844384,-0.8660254037844392,0.4999999999999991,AGS/MMA-related (broad)
tick_allergy,Tick allergy,2020-12-01,11,19.818181818181817,2.088931871468374,10.540481920253264,0.6298366572977736,18.414818291651482,21.22154534471215,2020,12,Dec,6.915300546448179,1,-2.4492935982947064e-16,1,-4.898587196589413e-16,1,AGS/MMA-related (broad)
tick_allergy,Tick allergy,2021-01-01,11,7.636363636363637,7.365768490425521,96.45649213652467,2.220862761396723,2.6879730327660765,12.584754239961196,2021,1,Jan,7,1,0.49999999999999994,0.8660254037844387,0.8660254037844386,0.5000000000000001,AGS/MMA-related (broad)
tick_allergy,Tick allergy,2021-02-01,11,1.2727272727272727,4.221158824088691,331.66247903554,1.2727272727272727,0,4.10854035707344,2021,2,Feb,7.084931506849216,1,0.8660254037844386,0.5000000000000001,0.8660254037844387,-0.4999999999999998,AGS/MMA-related (broad)
tick_allergy,Tick allergy,2021-03-01,11,6.545454545454546,7.63365752917481,116.62532336239293,2.301634345667666,1.4170936368064133,11.673815454102678,2021,3,Mar,7.16164383561636,1,1,6.123233995736766e-17,1.2246467991473532e-16,-1,AGS/MMA-related (broad)
tick_allergy,Tick allergy,2021-04-01,11,10,6.465291950097845,64.65291950097846,1.949358868961793,5.65655776760221,14.343442232397791,2021,4,Apr,7.246575342465803,0,0.8660254037844387,-0.4999999999999998,-0.8660254037844384,-0.5000000000000004,AGS/MMA-related (broad)
tick_allergy,Tick allergy,2021-05-01,11,12.181818181818182,6.289963144855172,51.63402581597529,1.8964952451498613,7.956163443492542,16.40747292014382,2021,5,May,7.328767123287662,0,0.49999999999999994,-0.8660254037844387,-0.8660254037844386,0.5000000000000001,AGS/MMA-related (broad)
tick_allergy,Tick allergy,2021-06-01,11,0,0,NA,0,0,0,2021,6,Jun,7.413698630136878,0,1.2246467991473532e-16,-1,-2.4492935982947064e-16,1,AGS/MMA-related (broad)
tick_allergy,Tick allergy,2021-07-01,11,1.2727272727272727,4.221158824088691,331.66247903554,1.2727272727272727,0,4.10854035707344,2021,7,Jul,7.495890410958964,0,-0.4999999999999997,-0.8660254037844388,0.8660254037844384,0.5000000000000006,AGS/MMA-related (broad)
tick_allergy,Tick allergy,2021-08-01,11,1.1818181818181819,3.919647479510927,331.66247903553995,1.1818181818181817,0,3.8150731887110503,2021,8,Aug,7.58082191780818,0,-0.8660254037844384,-0.5000000000000004,0.8660254037844392,-0.4999999999999992,AGS/MMA-related (broad)
tick_allergy,Tick allergy,2021-09-01,11,9.181818181818182,8.886148567497415,96.77983588363522,2.679274602703914,3.212022344393503,15.15161401924286,2021,9,Sep,7.665753424657623,0,-1,-1.8369701987210297e-16,3.6739403974420594e-16,-1,AGS/MMA-related (broad)
tick_allergy,Tick allergy,2021-10-01,11,13.636363636363637,9.146285883053594,67.07276314239301,2.757708954492107,7.491805172389325,19.780922100337946,2021,10,Oct,7.747945205479482,1,-0.8660254037844386,0.5000000000000001,-0.8660254037844387,-0.49999999999999983,AGS/MMA-related (broad)
tick_allergy,Tick allergy,2021-11-01,11,19.09090909090909,2.8444523358476395,14.899512235392399,0.8576346483687822,17.17998001006902,21.00183817174916,2021,11,Nov,7.832876712328698,1,-0.5000000000000004,0.8660254037844384,-0.8660254037844392,0.4999999999999991,AGS/MMA-related (broad)
tick_allergy,Tick allergy,2021-12-01,11,11.545454545454545,7.594256202731593,65.77702222838387,2.289754398753624,6.443563808085124,16.647345282823967,2021,12,Dec,7.915068493150784,1,-2.4492935982947064e-16,1,-4.898587196589413e-16,1,AGS/MMA-related (broad)
tick_allergy,Tick allergy,2022-01-01,11,18.363636363636363,3.9565825474196106,21.545746545354316,1.1929545238054,15.705568040492768,21.02170468677996,2022,1,Jan,8,1,0.49999999999999994,0.8660254037844387,0.8660254037844386,0.5000000000000001,AGS/MMA-related (broad)
tick_allergy,Tick allergy,2022-02-01,11,0,0,NA,0,0,0,2022,2,Feb,8.084931506849216,1,0.8660254037844386,0.5000000000000001,0.8660254037844387,-0.4999999999999998,AGS/MMA-related (broad)
tick_allergy,Tick allergy,2022-03-01,11,0.9090909090909091,3.0151134457776365,331.66247903554,0.9090909090909092,0,2.9346716836238858,2022,3,Mar,8.16164383561636,1,1,6.123233995736766e-17,1.2246467991473532e-16,-1,AGS/MMA-related (broad)
tick_allergy,Tick allergy,2022-04-01,11,0,0,NA,0,0,0,2022,4,Apr,8.246575342465803,0,0.8660254037844387,-0.4999999999999998,-0.8660254037844384,-0.5000000000000004,AGS/MMA-related (broad)
tick_allergy,Tick allergy,2022-05-01,11,6.7272727272727275,6.649675316749068,98.84652497870235,2.0049525457585777,2.2599600636792525,11.194585390866202,2022,5,May,8.328767123287662,0,0.49999999999999994,-0.8660254037844387,-0.8660254037844386,0.5000000000000001,AGS/MMA-related (broad)
tick_allergy,Tick allergy,2022-06-01,11,13.909090909090908,2.736952518935813,19.677436410649637,0.8252222340298341,12.070381187926126,15.747800630255691,2022,6,Jun,8.413698630136878,0,1.2246467991473532e-16,-1,-2.4492935982947064e-16,1,AGS/MMA-related (broad)
tick_allergy,Tick allergy,2022-07-01,11,1.2727272727272727,4.221158824088691,331.66247903554,1.2727272727272727,0,4.10854035707344,2022,7,Jul,8.495890410958964,0,-0.4999999999999997,-0.8660254037844388,0.8660254037844384,0.5000000000000006,AGS/MMA-related (broad)
tick_allergy,Tick allergy,2022-08-01,11,14.363636363636363,5.162804030228676,35.943572362351546,1.5566439849457452,10.895217422068011,17.832055305204715,2022,8,Aug,8.58082191780818,0,-0.8660254037844384,-0.5000000000000004,0.8660254037844392,-0.4999999999999992,AGS/MMA-related (broad)
tick_allergy,Tick allergy,2022-09-01,11,12.909090909090908,8.52589638049332,66.04567618692009,2.570654481413229,7.181315784021466,18.63686603416035,2022,9,Sep,8.665753424657623,0,-1,-1.8369701987210297e-16,3.6739403974420594e-16,-1,AGS/MMA-related (broad)
tick_allergy,Tick allergy,2022-10-01,11,13.272727272727273,4.818524859143285,36.303954418202835,1.452839909161671,10.035598225407945,16.5098563200466,2022,10,Oct,8.747945205479482,1,-0.8660254037844386,0.5000000000000001,-0.8660254037844387,-0.49999999999999983,AGS/MMA-related (broad)
tick_allergy,Tick allergy,2022-11-01,11,15.727272727272727,1.954016841836789,12.424384543470913,0.5891582453098055,14.41454635092989,17.039999103615564,2022,11,Nov,8.832876712328698,1,-0.5000000000000004,0.8660254037844384,-0.8660254037844392,0.4999999999999991,AGS/MMA-related (broad)
tick_allergy,Tick allergy,2022-12-01,11,21.181818181818183,2.3159525823376357,10.933681719190554,0.6982859770789643,19.625940066491346,22.73769629714502,2022,12,Dec,8.915068493150784,1,-2.4492935982947064e-16,1,-4.898587196589413e-16,1,AGS/MMA-related (broad)
tick_allergy,Tick allergy,2023-01-01,11,10.090909090909092,6.847693705979341,67.86002771691238,2.0646573365465204,5.49056586331129,14.691252318506894,2023,1,Jan,9,1,0.49999999999999994,0.8660254037844387,0.8660254037844386,0.5000000000000001,AGS/MMA-related (broad)
tick_allergy,Tick allergy,2023-02-01,11,16.363636363636363,1.747725795010606,10.680546525064814,0.5269591544068887,15.18949819829254,17.537774528980187,2023,2,Feb,9.084931506849216,1,0.8660254037844386,0.5000000000000001,0.8660254037844387,-0.4999999999999998,AGS/MMA-related (broad)
tick_allergy,Tick allergy,2023-03-01,11,19.727272727272727,1.348399724926484,6.835205978890012,0.40655781409087083,18.821405466118243,20.63313998842721,2023,3,Mar,9.16164383561636,1,1,6.123233995736766e-17,1.2246467991473532e-16,-1,AGS/MMA-related (broad)
tick_allergy,Tick allergy,2023-04-01,11,10.909090909090908,7.46263419248921,68.40748009781777,2.250068869469415,5.895625041381273,15.922556776800544,2023,4,Apr,9.246575342465803,0,0.8660254037844387,-0.4999999999999998,-0.8660254037844384,-0.5000000000000004,AGS/MMA-related (broad)
tick_allergy,Tick allergy,2023-05-01,11,7.818181818181818,7.782264218313097,99.54058883888844,2.3464409483230004,2.5899855773318246,13.046378059031813,2023,5,May,9.328767123287662,0,0.49999999999999994,-0.8660254037844387,-0.8660254037844386,0.5000000000000001,AGS/MMA-related (broad)
tick_allergy,Tick allergy,2023-06-01,11,18.454545454545453,2.3817487845545915,12.906027896601236,0.7181242784775091,16.854464849115104,20.054626059975803,2023,6,Jun,9.413698630136878,0,1.2246467991473532e-16,-1,-2.4492935982947064e-16,1,AGS/MMA-related (broad)
tick_allergy,Tick allergy,2023-07-01,11,11.909090909090908,5.974186897889042,50.16492815021333,1.8012851243413837,7.895577540040945,15.922604278140872,2023,7,Jul,9.495890410958964,0,-0.4999999999999997,-0.8660254037844388,0.8660254037844384,0.5000000000000006,AGS/MMA-related (broad)
tick_allergy,Tick allergy,2023-08-01,11,45.90909090909091,3.4191971412758715,7.447756149313779,1.0309267274425336,43.612043014125135,48.20613880405668,2023,8,Aug,9.58082191780818,0,-0.8660254037844384,-0.5000000000000004,0.8660254037844392,-0.4999999999999992,AGS/MMA-related (broad)
tick_allergy,Tick allergy,2023-09-01,11,30.636363636363637,1.3618169680781094,4.445099895803917,0.41060326511404416,29.721482548610616,31.551244724116657,2023,9,Sep,9.665753424657623,0,-1,-1.8369701987210297e-16,3.6739403974420594e-16,-1,AGS/MMA-related (broad)
tick_allergy,Tick allergy,2023-10-01,11,17.727272727272727,2.4936282437809005,14.0666208623538,0.7518572046594667,16.052030478425173,19.40251497612028,2023,10,Oct,9.747945205479482,1,-0.8660254037844386,0.5000000000000001,-0.8660254037844387,-0.49999999999999983,AGS/MMA-related (broad)
tick_allergy,Tick allergy,2023-11-01,11,21.727272727272727,2.2843339988236875,10.513671124293122,0.6887526154500295,20.192636265381353,23.2619091891641,2023,11,Nov,9.832876712328698,1,-0.5000000000000004,0.8660254037844384,-0.8660254037844392,0.4999999999999991,AGS/MMA-related (broad)
tick_allergy,Tick allergy,2023-12-01,11,19.363636363636363,3.2946237197205774,17.014488693392654,0.9933664276107443,17.150278032018054,21.576994695254673,2023,12,Dec,9.915068493150784,1,-2.4492935982947064e-16,1,-4.898587196589413e-16,1,AGS/MMA-related (broad)
tick_allergy,Tick allergy,2024-01-01,11,19,3.1304951684997055,16.476290360524768,0.9438798074485389,16.896904729418587,21.103095270581413,2024,1,Jan,10,1,0.49999999999999994,0.8660254037844387,0.8660254037844386,0.5000000000000001,AGS/MMA-related (broad)
tick_allergy,Tick allergy,2024-02-01,11,9.818181818181818,8.256127201275206,84.09018445743264,2.4893160134615355,4.271640093716584,15.364723542647052,2024,2,Feb,10.08469945355182,1,0.8660254037844386,0.5000000000000001,0.8660254037844387,-0.4999999999999998,AGS/MMA-related (broad)
tick_allergy,Tick allergy,2024-03-01,11,19.636363636363637,1.3618169680781094,6.9351790041014825,0.41060326511404416,18.721482548610616,20.551244724116657,2024,3,Mar,10.163934426229616,1,1,6.123233995736766e-17,1.2246467991473532e-16,-1,AGS/MMA-related (broad)
tick_allergy,Tick allergy,2024-04-01,11,17.545454545454547,2.3393860888547815,13.333288589327768,0.7053514451371208,15.973833586239863,19.11707550466923,2024,4,Apr,10.248633879781437,0,0.8660254037844387,-0.4999999999999998,-0.8660254037844384,-0.5000000000000004,AGS/MMA-related (broad)
tick_allergy,Tick allergy,2024-05-01,11,12.909090909090908,6.579582744438214,50.96859872452137,1.9838188400362178,8.488867076303869,17.329314741877948,2024,5,May,10.330601092896131,0,0.49999999999999994,-0.8660254037844387,-0.8660254037844386,0.5000000000000001,AGS/MMA-related (broad)
tick_allergy,Tick allergy,2024-06-01,11,15.545454545454545,5.9558985277393095,38.312797546861056,1.795770973267402,11.544227470648242,19.54668162026085,2024,6,Jun,10.41530054644818,0,1.2246467991473532e-16,-1,-2.4492935982947064e-16,1,AGS/MMA-related (broad)
tick_allergy,Tick allergy,2024-07-01,11,18.181818181818183,3.4588489940493736,19.023669467271553,1.0428822108872717,15.85813180969491,20.505504553941456,2024,7,Jul,10.497267759562874,0,-0.4999999999999997,-0.8660254037844388,0.8660254037844384,0.5000000000000006,AGS/MMA-related (broad)
tick_allergy,Tick allergy,2024-08-01,11,18.272727272727273,3.196589091231749,17.4937711460444,0.9638078749598962,16.1252295006788,20.420225044775748,2024,8,Aug,10.581967213114694,0,-0.8660254037844384,-0.5000000000000004,0.8660254037844392,-0.4999999999999992,AGS/MMA-related (broad)
tick_allergy,Tick allergy,2024-09-01,11,16.454545454545453,6.250818128271472,37.98839746463326,1.8846925785661914,12.25518869619193,20.653902212898977,2024,9,Sep,10.666666666666742,0,-1,-1.8369701987210297e-16,3.6739403974420594e-16,-1,AGS/MMA-related (broad)
tick_allergy,Tick allergy,2024-10-01,11,26.272727272727273,1.6787441193290353,6.389683499176259,0.5061603966209111,25.14493162767944,27.400522917775106,2024,10,Oct,10.748633879781437,1,-0.8660254037844386,0.5000000000000001,-0.8660254037844387,-0.49999999999999983,AGS/MMA-related (broad)
tick_allergy,Tick allergy,2024-11-01,11,18.545454545454547,6.424385361474456,34.641293615793636,1.9370250684238652,14.229493733227962,22.861415357681132,2024,11,Nov,10.833333333333258,1,-0.5000000000000004,0.8660254037844384,-0.8660254037844392,0.4999999999999991,AGS/MMA-related (broad)
tick_allergy,Tick allergy,2024-12-01,11,5,7.0285133563222315,140.57026712644463,2.119176512447486,0.2781804783989825,9.721819521601017,2024,12,Dec,10.91530054644818,1,-2.4492935982947064e-16,1,-4.898587196589413e-16,1,AGS/MMA-related (broad)
tick_allergy,Tick allergy,2025-01-01,11,0,0,NA,0,0,0,2025,1,Jan,11,1,0.49999999999999994,0.8660254037844387,0.8660254037844386,0.5000000000000001,AGS/MMA-related (broad)
tick_allergy,Tick allergy,2025-02-01,11,10.818181818181818,7.082629198513527,65.46968166693176,2.135493052789542,6.060006779114665,15.576356857248971,2025,2,Feb,11.084931506849216,1,0.8660254037844386,0.5000000000000001,0.8660254037844387,-0.4999999999999998,AGS/MMA-related (broad)
tick_allergy,Tick allergy,2025-03-01,11,17.818181818181817,2.3159525823376357,12.997693064139792,0.6982859770789643,16.26230370285498,19.374059933508654,2025,3,Mar,11.16164383561636,1,1,6.123233995736766e-17,1.2246467991473532e-16,-1,AGS/MMA-related (broad)
tick_allergy,Tick allergy,2025-04-01,11,14.181818181818182,5.269121023817574,37.15405850127777,1.5886997646341992,10.641974512095274,17.72166185154109,2025,4,Apr,11.246575342465803,0,0.8660254037844387,-0.4999999999999998,-0.8660254037844384,-0.5000000000000004,AGS/MMA-related (broad)
tick_allergy,Tick allergy,2025-05-01,11,14.272727272727273,5.001817851359825,35.04458367194782,1.5081048256965615,10.912460317724777,17.63299422772977,2025,5,May,11.328767123287662,0,0.49999999999999994,-0.8660254037844387,-0.8660254037844386,0.5000000000000001,AGS/MMA-related (broad)
tick_allergy,Tick allergy,2025-06-01,11,17.363636363636363,2.2922795323750234,13.201609872316888,0.6911482839544806,15.823662019673744,18.903610707598983,2025,6,Jun,11.413698630136878,0,1.2246467991473532e-16,-1,-2.4492935982947064e-16,1,AGS/MMA-related (broad)
tick_allergy,Tick allergy,2025-07-01,11,15.909090909090908,2.5477262590217755,16.01427934242259,0.7681683699737312,14.197505119085472,17.620676699096347,2025,7,Jul,11.495890410958964,0,-0.4999999999999997,-0.8660254037844388,0.8660254037844384,0.5000000000000006,AGS/MMA-related (broad)
tick_allergy,Tick allergy,2025-08-01,11,17.272727272727273,2.935673997258861,16.9960073525513,0.8851390141554971,15.300514645878582,19.244939899575964,2025,8,Aug,11.58082191780818,0,-0.8660254037844384,-0.5000000000000004,0.8660254037844392,-0.4999999999999992,AGS/MMA-related (broad)
tick_allergy,Tick allergy,2025-09-01,11,15.454545454545455,2.3393860888547815,15.137204104354469,0.7053514451371208,13.882924495330771,17.026166413760137,2025,9,Sep,11.665753424657623,0,-1,-1.8369701987210297e-16,3.6739403974420594e-16,-1,AGS/MMA-related (broad)
tick_allergy,Tick allergy,2025-10-01,11,28.454545454545453,1.7529196424044293,6.160420468513969,0.5285251583181321,27.276918015044625,29.63217289404628,2025,10,Oct,11.747945205479482,1,-0.8660254037844386,0.5000000000000001,-0.8660254037844387,-0.49999999999999983,AGS/MMA-related (broad)
tick_allergy,Tick allergy,2025-11-01,11,37.36363636363637,1.9116865471476894,5.116436014263889,0.5763951812417222,36.079347866214015,38.64792486105872,2025,11,Nov,11.832876712328698,1,-0.5000000000000004,0.8660254037844384,-0.8660254037844392,0.4999999999999991,AGS/MMA-related (broad)
tick_allergy,Tick allergy,2025-12-01,11,26.272727272727273,3.495451590021212,13.304487020841982,1.0539183088137773,23.924450942039627,28.62100360341492,2025,12,Dec,11.915068493150784,1,-2.4492935982947064e-16,1,-4.898587196589413e-16,1,AGS/MMA-related (broad)
tick_allergy,Tick allergy,2026-01-01,11,24.363636363636363,2.062654952856986,8.46612107515927,0.6219138682358935,22.977925911230898,25.74934681604183,2026,1,Jan,12,1,0.49999999999999994,0.8660254037844387,0.8660254037844386,0.5000000000000001,AGS/MMA-related (broad)
tick_allergy,Tick allergy,2026-02-01,11,100,0,0,0,100,100,2026,2,Feb,12.084931506849216,1,0.8660254037844386,0.5000000000000001,0.8660254037844387,-0.4999999999999998,AGS/MMA-related (broad)
paralysis_tick,Paralysis tick,2014-02-01,14,21,1.4675987714106855,6.9885655781461224,0.39223227027636803,20.152633697241694,21.847366302758306,2014,2,Feb,0.08493150684921602,1,0.8660254037844386,0.5000000000000001,0.8660254037844387,-0.4999999999999998,Tick vector
paralysis_tick,Paralysis tick,2014-03-01,14,26,1.0377490433255416,3.9913424743290062,0.2773500981126146,25.40082154117063,26.59917845882937,2014,3,Mar,0.16164383561635987,1,1,6.123233995736766e-17,1.2246467991473532e-16,-1,Tick vector
paralysis_tick,Paralysis tick,2014-04-01,14,29.357142857142858,1.15072838853303,3.9197560679957224,0.3075450982232204,28.692732066492642,30.021553647793073,2014,4,Apr,0.24657534246580326,0,0.8660254037844387,-0.4999999999999998,-0.8660254037844384,-0.5000000000000004,Tick vector
paralysis_tick,Paralysis tick,2014-05-01,14,31.714285714285715,0.7262730392025629,2.290050123611685,0.19410463442478784,31.294948146000234,32.13362328257119,2014,5,May,0.3287671232876619,0,0.49999999999999994,-0.8660254037844387,-0.8660254037844386,0.5000000000000001,Tick vector
paralysis_tick,Paralysis tick,2014-06-01,14,28.785714285714285,1.3114039117603011,4.555745599167299,0.35048743810586946,28.028532209946423,29.542896361482146,2014,6,Jun,0.4136986301368779,0,1.2246467991473532e-16,-1,-2.4492935982947064e-16,1,Tick vector
paralysis_tick,Paralysis tick,2014-07-01,14,30.357142857142858,1.3926810257774174,4.587655143737375,0.37220966053714166,29.55303277288576,31.161252941399955,2014,7,Jul,0.4958904109589639,0,-0.4999999999999997,-0.8660254037844388,0.8660254037844384,0.5000000000000006,Tick vector
paralysis_tick,Paralysis tick,2014-08-01,14,48,1.1766968108291043,2.4514516892273006,0.3144854510165755,47.320595488710225,48.679404511289775,2014,8,Aug,0.5808219178081799,0,-0.8660254037844384,-0.5000000000000004,0.8660254037844392,-0.4999999999999992,Tick vector
paralysis_tick,Paralysis tick,2014-09-01,14,78.07142857142857,1.542439911024374,1.9756778366277434,0.4122344061956636,77.1808502811679,78.96200686168923,2014,9,Sep,0.6657534246576233,0,-1,-1.8369701987210297e-16,3.6739403974420594e-16,-1,Tick vector
paralysis_tick,Paralysis tick,2014-10-01,14,89.35714285714286,2.169974932756415,2.428429181342111,0.5799501954473091,88.10423663258902,90.6100490816967,2014,10,Oct,0.747945205479482,1,-0.8660254037844386,0.5000000000000001,-0.8660254037844387,-0.49999999999999983,Tick vector
paralysis_tick,Paralysis tick,2014-11-01,14,82.92857142857143,2.200149845046773,2.653066135284653,0.5880147799806287,81.65824272836441,84.19890012877845,2014,11,Nov,0.832876712328698,1,-0.5000000000000004,0.8660254037844384,-0.8660254037844392,0.4999999999999991,Tick vector
paralysis_tick,Paralysis tick,2014-12-01,14,61.642857142857146,2.3074175660629406,3.743203467541271,0.6166832843165251,60.310593904455196,62.975120381259096,2014,12,Dec,0.915068493150784,1,-2.4492935982947064e-16,1,-4.898587196589413e-16,1,Tick vector
paralysis_tick,Paralysis tick,2015-01-01,14,50.357142857142854,1.780541959721722,3.5358280051211506,0.47586985543240934,49.3290885369112,51.38519717737451,2015,1,Jan,1,1,0.49999999999999994,0.8660254037844387,0.8660254037844386,0.5000000000000001,Tick vector
paralysis_tick,Paralysis tick,2015-02-01,14,26.928571428571427,1.1411388181101378,4.237650783432874,0.3049821777225916,26.269697491039775,27.58744536610308,2015,2,Feb,1.084931506849216,1,0.8660254037844386,0.5000000000000001,0.8660254037844387,-0.4999999999999998,Tick vector
paralysis_tick,Paralysis tick,2015-03-01,14,24.142857142857142,1.2314558524297639,5.100704714206122,0.3291204204807019,23.43183570224878,24.853878583465505,2015,3,Mar,1.1616438356163599,1,1,6.123233995736766e-17,1.2246467991473532e-16,-1,Tick vector
paralysis_tick,Paralysis tick,2015-04-01,14,26.928571428571427,2.64471274328716,9.821214431305105,0.7068292122725413,25.401559752905545,28.45558310423731,2015,4,Apr,1.2465753424658033,0,0.8660254037844387,-0.4999999999999998,-0.8660254037844384,-0.5000000000000004,Tick vector
paralysis_tick,Paralysis tick,2015-05-01,14,30.071428571428573,0.8287419301647448,2.7559114067236172,0.22149059748072938,29.592927226929987,30.54992991592716,2015,5,May,1.3287671232876619,0,0.49999999999999994,-0.8660254037844387,-0.8660254037844386,0.5000000000000001,Tick vector
paralysis_tick,Paralysis tick,2015-06-01,14,30,1.1766968108291043,3.922322702763681,0.3144854510165755,29.320595488710225,30.679404511289775,2015,6,Jun,1.413698630136878,0,1.2246467991473532e-16,-1,-2.4492935982947064e-16,1,Tick vector
paralysis_tick,Paralysis tick,2015-07-01,14,30.928571428571427,1.071611705960535,3.4647953541449175,0.28640027538290436,30.309841250431887,31.547301606710967,2015,7,Jul,1.495890410958964,0,-0.4999999999999997,-0.8660254037844388,0.8660254037844384,0.5000000000000006,Tick vector
paralysis_tick,Paralysis tick,2015-08-01,14,41.642857142857146,1.2774459408789602,3.067623185644158,0.34141178863529636,40.905281815742555,42.38043246997174,2015,8,Aug,1.58082191780818,0,-0.8660254037844384,-0.5000000000000004,0.8660254037844392,-0.4999999999999992,Tick vector
paralysis_tick,Paralysis tick,2015-09-01,14,68.35714285714286,1.6458405781822274,2.4077082648433836,0.4398693969148447,67.40686279911084,69.30742291517488,2015,9,Sep,1.6657534246576233,0,-1,-1.8369701987210297e-16,3.6739403974420594e-16,-1,Tick vector
paralysis_tick,Paralysis tick,2015-10-01,14,87.78571428571429,2.006856379383569,2.286085379281527,0.5363549282939242,86.62698990988875,88.94443866153983,2015,10,Oct,1.747945205479482,1,-0.8660254037844386,0.5000000000000001,-0.8660254037844387,-0.49999999999999983,Tick vector
paralysis_tick,Paralysis tick,2015-11-01,14,64.57142857142857,1.6035674514745464,2.4834009204251823,0.4285714285714286,63.64555629008737,65.49730085276977,2015,11,Nov,1.832876712328698,1,-0.5000000000000004,0.8660254037844384,-0.8660254037844392,0.4999999999999991,Tick vector
paralysis_tick,Paralysis tick,2015-12-01,14,58.5,1.0190493307301363,1.7419646679147627,0.2723523897009611,57.911618433777306,59.088381566222694,2015,12,Dec,1.915068493150784,1,-2.4492935982947064e-16,1,-4.898587196589413e-16,1,Tick vector
paralysis_tick,Paralysis tick,2016-01-01,14,40.357142857142854,1.0082080720186268,2.498214691727571,0.2694549414338292,39.775020847340194,40.939264866945514,2016,1,Jan,2,1,0.49999999999999994,0.8660254037844387,0.8660254037844386,0.5000000000000001,Tick vector
paralysis_tick,Paralysis tick,2016-02-01,14,24,1.4675987714106855,6.114994880877856,0.39223227027636803,23.152633697241694,24.847366302758306,2016,2,Feb,2.0846994535518206,1,0.8660254037844386,0.5000000000000001,0.8660254037844387,-0.4999999999999998,Tick vector
paralysis_tick,Paralysis tick,2016-03-01,14,26.642857142857142,1.0082080720186268,3.7841589834479294,0.2694549414338292,26.06073513305448,27.224979152659806,2016,3,Mar,2.1639344262296163,1,1,6.123233995736766e-17,1.2246467991473532e-16,-1,Tick vector
paralysis_tick,Paralysis tick,2016-04-01,14,26.285714285714285,1.1387288073563857,4.332120462768859,0.30433807525552153,25.62823184696404,26.943196724464528,2016,4,Apr,2.248633879781437,0,0.8660254037844387,-0.4999999999999998,-0.8660254037844384,-0.5000000000000004,Tick vector
paralysis_tick,Paralysis tick,2016-05-01,14,22.928571428571427,1.328057326976612,5.792150335723542,0.354938250538664,22.16177395712796,23.695368900014895,2016,5,May,2.3306010928961314,0,0.49999999999999994,-0.8660254037844387,-0.8660254037844386,0.5000000000000001,Tick vector
paralysis_tick,Paralysis tick,2016-06-01,14,30.785714285714285,1.3688047244316384,4.446233443629452,0.3658284505871935,29.995389967423364,31.576038604005205,2016,6,Jun,2.4153005464481794,0,1.2246467991473532e-16,-1,-2.4492935982947064e-16,1,Tick vector
paralysis_tick,Paralysis tick,2016-07-01,14,37.57142857142857,1.4525460784051258,3.8660922238919704,0.3882092688495757,36.73275343485761,38.41010370799953,2016,7,Jul,2.497267759562874,0,-0.4999999999999997,-0.8660254037844388,0.8660254037844384,0.5000000000000006,Tick vector
paralysis_tick,Paralysis tick,2016-08-01,14,43.285714285714285,1.0690449676496976,2.469740849355737,0.28571428571428575,42.66846609815349,43.90296247327508,2016,8,Aug,2.5819672131146945,0,-0.8660254037844384,-0.5000000000000004,0.8660254037844392,-0.4999999999999992,Tick vector
paralysis_tick,Paralysis tick,2016-09-01,14,80.21428571428571,1.7177163475234933,2.1414095160577835,0.4590790042924024,79.22250582257226,81.20606560599916,2016,9,Sep,2.6666666666667425,0,-1,-1.8369701987210297e-16,3.6739403974420594e-16,-1,Tick vector
paralysis_tick,Paralysis tick,2016-10-01,14,82.28571428571429,1.6374732612530445,1.9899848661061303,0.43763313740087645,81.34026537264397,83.23116319878461,2016,10,Oct,2.748633879781437,1,-0.8660254037844386,0.5000000000000001,-0.8660254037844387,-0.49999999999999983,Tick vector
paralysis_tick,Paralysis tick,2016-11-01,14,65.85714285714286,1.95555000554213,2.969381787157247,0.522642723103038,64.7280418996227,66.98624381466303,2016,11,Nov,2.8333333333332575,1,-0.5000000000000004,0.8660254037844384,-0.8660254037844392,0.4999999999999991,Tick vector
paralysis_tick,Paralysis tick,2016-12-01,14,49.642857142857146,2.0232168923292906,4.075544819080585,0.5407274593021221,48.47468648809208,50.81102779762221,2016,12,Dec,2.9153005464481794,1,-2.4492935982947064e-16,1,-4.898587196589413e-16,1,Tick vector
paralysis_tick,Paralysis tick,2017-01-01,14,45.42857142857143,1.1578684470436789,2.5487670217942617,0.3094533591281038,44.76003809087395,46.09710476626891,2017,1,Jan,3,1,0.49999999999999994,0.8660254037844387,0.8660254037844386,0.5000000000000001,Tick vector
paralysis_tick,Paralysis tick,2017-02-01,14,26.928571428571427,0.9168747682531899,3.4048399882081326,0.24504508924151383,26.399183698353934,27.45795915878892,2017,2,Feb,3.084931506849216,1,0.8660254037844386,0.5000000000000001,0.8660254037844387,-0.4999999999999998,Tick vector
paralysis_tick,Paralysis tick,2017-03-01,14,25.785714285714285,1.1217137594956024,4.350136463417849,0.2997906124330492,25.13805604311214,26.43337252831643,2017,3,Mar,3.16164383561636,1,1,6.123233995736766e-17,1.2246467991473532e-16,-1,Tick vector
paralysis_tick,Paralysis tick,2017-04-01,14,26.285714285714285,0.9138735334633754,3.476692790349798,0.24424297550431723,25.75805941687355,26.81336915455502,2017,4,Apr,3.2465753424658033,0,0.8660254037844387,-0.4999999999999998,-0.8660254037844384,-0.5000000000000004,Tick vector
paralysis_tick,Paralysis tick,2017-05-01,14,32,0.8770580193070292,2.740806310334466,0.2344036154692477,31.493601776178682,32.50639822382132,2017,5,May,3.328767123287662,0,0.49999999999999994,-0.8660254037844387,-0.8660254037844386,0.5000000000000001,Tick vector
paralysis_tick,Paralysis tick,2017-06-01,14,31.071428571428573,0.8287419301647448,2.667215407426765,0.22149059748072938,30.592927226929987,31.54992991592716,2017,6,Jun,3.413698630136878,0,1.2246467991473532e-16,-1,-2.4492935982947064e-16,1,Tick vector
paralysis_tick,Paralysis tick,2017-07-01,14,35.357142857142854,1.2157392722216298,3.438454507293499,0.3249199877356598,34.65519589978046,36.05908981450525,2017,7,Jul,3.495890410958964,0,-0.4999999999999997,-0.8660254037844388,0.8660254037844384,0.5000000000000006,Tick vector
paralysis_tick,Paralysis tick,2017-08-01,14,37.07142857142857,1.2688144505364485,3.4226208684990906,0.33910492580680157,36.338836918463414,37.804020224393724,2017,8,Aug,3.58082191780818,0,-0.8660254037844384,-0.5000000000000004,0.8660254037844392,-0.4999999999999992,Tick vector
paralysis_tick,Paralysis tick,2017-09-01,14,58.714285714285715,1.4373357526806554,2.4480170970230137,0.38414413830656124,57.88439275832431,59.54417867024712,2017,9,Sep,3.6657534246576233,0,-1,-1.8369701987210297e-16,3.6739403974420594e-16,-1,Tick vector
paralysis_tick,Paralysis tick,2017-10-01,14,80.35714285714286,1.9456912102680337,2.4213046172224417,0.5200078492343227,79.23373419854241,81.48055151574331,2017,10,Oct,3.747945205479482,1,-0.8660254037844386,0.5000000000000001,-0.8660254037844387,-0.49999999999999983,Tick vector
paralysis_tick,Paralysis tick,2017-11-01,14,70.57142857142857,1.869359648250035,2.648890189827985,0.49960738117227715,69.49209244460653,71.65076469825061,2017,11,Nov,3.832876712328698,1,-0.5000000000000004,0.8660254037844384,-0.8660254037844392,0.4999999999999991,Tick vector
paralysis_tick,Paralysis tick,2017-12-01,14,58.57142857142857,1.554857684028483,2.6546350702925317,0.4155531956305283,57.67368047249543,59.46917667036171,2017,12,Dec,3.915068493150784,1,-2.4492935982947064e-16,1,-4.898587196589413e-16,1,Tick vector
paralysis_tick,Paralysis tick,2018-01-01,14,47.5,1.5566235649883124,3.277102242080658,0.41602514716892186,46.60123231175594,48.39876768824406,2018,1,Jan,4,1,0.49999999999999994,0.8660254037844387,0.8660254037844386,0.5000000000000001,Tick vector
paralysis_tick,Paralysis tick,2018-02-01,14,24.071428571428573,1.1411388181101378,4.740636039626685,0.3049821777225916,23.41255463389692,24.730302508960225,2018,2,Feb,4.084931506849216,1,0.8660254037844386,0.5000000000000001,0.8660254037844387,-0.4999999999999998,Tick vector
paralysis_tick,Paralysis tick,2018-03-01,14,19.285714285714285,0.9944903161976938,5.156616454358413,0.2657887169768753,18.711512672315983,19.859915899112586,2018,3,Mar,4.16164383561636,1,1,6.123233995736766e-17,1.2246467991473532e-16,-1,Tick vector
paralysis_tick,Paralysis tick,2018-04-01,14,23.285714285714285,1.0690449676496976,4.590990658618333,0.28571428571428575,22.668466098153488,23.902962473275082,2018,4,Apr,4.246575342465803,0,0.8660254037844387,-0.4999999999999998,-0.8660254037844384,-0.5000000000000004,Tick vector
paralysis_tick,Paralysis tick,2018-05-01,14,24,0.9607689228305228,4.003203845127178,0.2567762955065478,23.445268539465026,24.554731460534974,2018,5,May,4.328767123287662,0,0.49999999999999994,-0.8660254037844387,-0.8660254037844386,0.5000000000000001,Tick vector
paralysis_tick,Paralysis tick,2018-06-01,14,23.714285714285715,0.9138735334633754,3.853683574845559,0.24424297550431723,23.18663084544498,24.24194058312645,2018,6,Jun,4.413698630136878,0,1.2246467991473532e-16,-1,-2.4492935982947064e-16,1,Tick vector
paralysis_tick,Paralysis tick,2018-07-01,14,34.357142857142854,0.8418973861410954,2.450428982531255,0.22500654098289308,33.8710457785043,34.843239935781405,2018,7,Jul,4.495890410958964,0,-0.4999999999999997,-0.8660254037844388,0.8660254037844384,0.5000000000000006,Tick vector
paralysis_tick,Paralysis tick,2018-08-01,14,39.07142857142857,0.7300459115473718,1.8684904500298365,0.1951129769732385,38.64991261150644,39.4929445313507,2018,8,Aug,4.58082191780818,0,-0.8660254037844384,-0.5000000000000004,0.8660254037844392,-0.4999999999999992,Tick vector
paralysis_tick,Paralysis tick,2018-09-01,14,74.28571428571429,2.2336094083368714,3.006781895838096,0.5969572244193877,72.99606660882962,75.57536196259896,2018,9,Sep,4.665753424657623,0,-1,-1.8369701987210297e-16,3.6739403974420594e-16,-1,Tick vector
paralysis_tick,Paralysis tick,2018-10-01,14,100,0,0,0,100,100,2018,10,Oct,4.747945205479482,1,-0.8660254037844386,0.5000000000000001,-0.8660254037844387,-0.49999999999999983,Tick vector
paralysis_tick,Paralysis tick,2018-11-01,14,73.35714285714286,1.2774459408789602,1.7414063458914744,0.34141178863529636,72.61956753002826,74.09471818425746,2018,11,Nov,4.832876712328698,1,-0.5000000000000004,0.8660254037844384,-0.8660254037844392,0.4999999999999991,Tick vector
paralysis_tick,Paralysis tick,2018-12-01,14,45,1.3008872711759818,2.890860602613293,0.3476767476825577,44.24889005172568,45.75110994827432,2018,12,Dec,4.915068493150784,1,-2.4492935982947064e-16,1,-4.898587196589413e-16,1,Tick vector
paralysis_tick,Paralysis tick,2019-01-01,14,57.57142857142857,1.1578684470436789,2.011185888165199,0.3094533591281038,56.90289523373109,58.23996190912605,2019,1,Jan,5,1,0.49999999999999994,0.8660254037844387,0.8660254037844386,0.5000000000000001,Tick vector
paralysis_tick,Paralysis tick,2019-02-01,14,22.857142857142858,0.7703288865196433,3.370188878523439,0.2058790548922549,22.412368199931446,23.30191751435427,2019,2,Feb,5.084931506849216,1,0.8660254037844386,0.5000000000000001,0.8660254037844387,-0.4999999999999998,Tick vector
paralysis_tick,Paralysis tick,2019-03-01,14,23,0.8770580193070292,3.813295736117518,0.2344036154692477,22.493601776178682,23.506398223821318,2019,3,Mar,5.16164383561636,1,1,6.123233995736766e-17,1.2246467991473532e-16,-1,Tick vector
paralysis_tick,Paralysis tick,2019-04-01,14,23.642857142857142,0.8418973861410954,3.560895288814301,0.22500654098289308,23.156760064218588,24.128954221495697,2019,4,Apr,5.246575342465803,0,0.8660254037844387,-0.4999999999999998,-0.8660254037844384,-0.5000000000000004,Tick vector
paralysis_tick,Paralysis tick,2019-05-01,14,28,0.7844645405527362,2.801659073402629,0.2096569673443837,27.54706365914015,28.45293634085985,2019,5,May,5.328767123287662,0,0.49999999999999994,-0.8660254037844387,-0.8660254037844386,0.5000000000000001,Tick vector
paralysis_tick,Paralysis tick,2019-06-01,14,32.07142857142857,1.6854255666327542,5.255224483932865,0.4504489300892215,31.098292821526616,33.044564321330526,2019,6,Jun,5.413698630136878,0,1.2246467991473532e-16,-1,-2.4492935982947064e-16,1,Tick vector
paralysis_tick,Paralysis tick,2019-07-01,14,28.5,0.9405399431259602,3.300140151319159,0.25136987326808513,27.956948404612604,29.043051595387396,2019,7,Jul,5.495890410958964,0,-0.4999999999999997,-0.8660254037844388,0.8660254037844384,0.5000000000000006,Tick vector
paralysis_tick,Paralysis tick,2019-08-01,14,34.714285714285715,0.9138735334633754,2.632557503803962,0.24424297550431723,34.18663084544498,35.24194058312645,2019,8,Aug,5.58082191780818,0,-0.8660254037844384,-0.5000000000000004,0.8660254037844392,-0.4999999999999992,Tick vector
paralysis_tick,Paralysis tick,2019-09-01,14,58.142857142857146,1.0994504121565505,1.8909466548147058,0.2938404825740865,57.50805337430419,58.7776609114101,2019,9,Sep,5.665753424657623,0,-1,-1.8369701987210297e-16,3.6739403974420594e-16,-1,Tick vector
paralysis_tick,Paralysis tick,2019-10-01,14,79.28571428571429,1.5898026693500447,2.005156519900957,0.4248926358061803,78.36778955295676,80.20363901847182,2019,10,Oct,5.747945205479482,1,-0.8660254037844386,0.5000000000000001,-0.8660254037844387,-0.49999999999999983,Tick vector
paralysis_tick,Paralysis tick,2019-11-01,14,50.142857142857146,1.3506205330054124,2.6935452225179164,0.3609685210034471,49.363032064111565,50.92268222160273,2019,11,Nov,5.832876712328698,1,-0.5000000000000004,0.8660254037844384,-0.8660254037844392,0.4999999999999991,Tick vector
paralysis_tick,Paralysis tick,2019-12-01,14,36.07142857142857,0.7300459115473718,2.0238896557748918,0.1951129769732385,35.64991261150644,36.4929445313507,2019,12,Dec,5.915068493150784,1,-2.4492935982947064e-16,1,-4.898587196589413e-16,1,Tick vector
paralysis_tick,Paralysis tick,2020-01-01,14,33.214285714285715,0.9749612559222292,2.9353672221314424,0.260569356074272,32.651359844588164,33.77721158398327,2020,1,Jan,6,1,0.49999999999999994,0.8660254037844387,0.8660254037844386,0.5000000000000001,Tick vector
paralysis_tick,Paralysis tick,2020-02-01,14,22.714285714285715,0.9944903161976938,4.378259253700539,0.2657887169768753,22.140084100887414,23.288487327684017,2020,2,Feb,6.084699453551821,1,0.8660254037844386,0.5000000000000001,0.8660254037844387,-0.4999999999999998,Tick vector
paralysis_tick,Paralysis tick,2020-03-01,14,17.5,1.0190493307301363,5.823139032743636,0.2723523897009611,16.911618433777303,18.088381566222697,2020,3,Mar,6.163934426229616,1,1,6.123233995736766e-17,1.2246467991473532e-16,-1,Tick vector
paralysis_tick,Paralysis tick,2020-04-01,14,18.357142857142858,0.6333236937766509,3.4500123396393434,0.16926287693131167,17.99147264311773,18.722813071167984,2020,4,Apr,6.248633879781437,0,0.8660254037844387,-0.4999999999999998,-0.8660254037844384,-0.5000000000000004,Tick vector
paralysis_tick,Paralysis tick,2020-05-01,14,20.928571428571427,0.9972489631508746,4.765012110618514,0.2665259963875803,20.352777019843185,21.50436583729967,2020,5,May,6.330601092896131,0,0.49999999999999994,-0.8660254037844387,-0.8660254037844386,0.5000000000000001,Tick vector
paralysis_tick,Paralysis tick,2020-06-01,14,20,0.8770580193070292,4.385290096535146,0.2344036154692477,19.493601776178682,20.506398223821318,2020,6,Jun,6.415300546448179,0,1.2246467991473532e-16,-1,-2.4492935982947064e-16,1,Tick vector
paralysis_tick,Paralysis tick,2020-07-01,14,24.428571428571427,0.7559289460184544,3.094445977853322,0.20203050891044214,23.992111049472083,24.86503180767077,2020,7,Jul,6.497267759562874,0,-0.4999999999999997,-0.8660254037844388,0.8660254037844384,0.5000000000000006,Tick vector
paralysis_tick,Paralysis tick,2020-08-01,14,36.42857142857143,0.646206172658864,1.7738992974949206,0.17270586423628254,36.05546309268805,36.80167976445481,2020,8,Aug,6.5819672131146945,0,-0.8660254037844384,-0.5000000000000004,0.8660254037844392,-0.4999999999999992,Tick vector
paralysis_tick,Paralysis tick,2020-09-01,14,49.785714285714285,1.1217137594956024,2.253083591526318,0.2997906124330492,49.138056043112144,50.433372528316426,2020,9,Sep,6.6666666666667425,0,-1,-1.8369701987210297e-16,3.6739403974420594e-16,-1,Tick vector
paralysis_tick,Paralysis tick,2020-10-01,14,51.142857142857146,1.7478401113789142,3.4175644635900553,0.46712991883147875,50.13368430771761,52.15202997799668,2020,10,Oct,6.748633879781437,1,-0.8660254037844386,0.5000000000000001,-0.8660254037844387,-0.49999999999999983,Tick vector
paralysis_tick,Paralysis tick,2020-11-01,14,50.642857142857146,0.8418973861410954,1.6624207906876354,0.22500654098289308,50.156760064218595,51.1289542214957,2020,11,Nov,6.8333333333332575,1,-0.5000000000000004,0.8660254037844384,-0.8660254037844392,0.4999999999999991,Tick vector
paralysis_tick,Paralysis tick,2020-12-01,14,39.357142857142854,1.4468609447374663,3.676234705322056,0.3866898529651189,38.5217502190248,40.192535495260906,2020,12,Dec,6.915300546448179,1,-2.4492935982947064e-16,1,-4.898587196589413e-16,1,Tick vector
paralysis_tick,Paralysis tick,2021-01-01,14,27,1.2403473458920846,4.593879058859573,0.33149677206589795,26.283844763910245,27.716155236089755,2021,1,Jan,7,1,0.49999999999999994,0.8660254037844387,0.8660254037844386,0.5000000000000001,Tick vector
paralysis_tick,Paralysis tick,2021-02-01,14,19.142857142857142,0.8644378215075664,4.515719963099228,0.23103072573218283,18.643745604305483,19.6419686814088,2021,2,Feb,7.084931506849216,1,0.8660254037844386,0.5000000000000001,0.8660254037844387,-0.4999999999999998,Tick vector
paralysis_tick,Paralysis tick,2021-03-01,14,22.857142857142858,0.6629935441317959,2.900596755576607,0.1771924779845835,22.47434178154399,23.239943932741724,2021,3,Mar,7.16164383561636,1,1,6.123233995736766e-17,1.2246467991473532e-16,-1,Tick vector
paralysis_tick,Paralysis tick,2021-04-01,14,20.5,0.8548504142651103,4.170002020805416,0.22846838336584385,20.006424065583705,20.993575934416295,2021,4,Apr,7.246575342465803,0,0.8660254037844387,-0.4999999999999998,-0.8660254037844384,-0.5000000000000004,Tick vector
paralysis_tick,Paralysis tick,2021-05-01,14,17.642857142857142,1.3926810257774174,7.893738607645282,0.37220966053714166,16.838747058600045,18.44696722711424,2021,5,May,7.328767123287662,0,0.49999999999999994,-0.8660254037844387,-0.8660254037844386,0.5000000000000001,Tick vector
paralysis_tick,Paralysis tick,2021-06-01,14,18,1.5191090506254998,8.439494725697221,0.40599897147057507,17.122892547478838,18.877107452521162,2021,6,Jun,7.413698630136878,0,1.2246467991473532e-16,-1,-2.4492935982947064e-16,1,Tick vector
paralysis_tick,Paralysis tick,2021-07-01,14,23.142857142857142,1.027105182026191,4.438108811224282,0.2745054065230065,22.549824266575264,23.73589001913902,2021,7,Jul,7.495890410958964,0,-0.4999999999999997,-0.8660254037844388,0.8660254037844384,0.5000000000000006,Tick vector
paralysis_tick,Paralysis tick,2021-08-01,14,35.357142857142854,1.0082080720186268,2.8514975774264197,0.2694549414338292,34.775020847340194,35.939264866945514,2021,8,Aug,7.58082191780818,0,-0.8660254037844384,-0.5000000000000004,0.8660254037844392,-0.4999999999999992,Tick vector
paralysis_tick,Paralysis tick,2021-09-01,14,49.642857142857146,1.549547966698321,3.12139158759374,0.4141341139826653,48.74817478343701,50.53753950227728,2021,9,Sep,7.665753424657623,0,-1,-1.8369701987210297e-16,3.6739403974420594e-16,-1,Tick vector
paralysis_tick,Paralysis tick,2021-10-01,14,56.785714285714285,1.5281246137553166,2.69103705566974,0.4084084820691897,55.90340140201846,57.66802716941011,2021,10,Oct,7.747945205479482,1,-0.8660254037844386,0.5000000000000001,-0.8660254037844387,-0.49999999999999983,Tick vector
paralysis_tick,Paralysis tick,2021-11-01,14,55.285714285714285,1.2043875831929896,2.1784788326488185,0.32188612122806176,54.5903215984628,55.98110697296577,2021,11,Nov,7.832876712328698,1,-0.5000000000000004,0.8660254037844384,-0.8660254037844392,0.4999999999999991,Tick vector
paralysis_tick,Paralysis tick,2021-12-01,14,49.142857142857146,0.8644378215075664,1.7590304507421408,0.23103072573218283,48.64374560430549,49.641968681408805,2021,12,Dec,7.915068493150784,1,-2.4492935982947064e-16,1,-4.898587196589413e-16,1,Tick vector
paralysis_tick,Paralysis tick,2022-01-01,14,34.42857142857143,1.0163498575623617,2.952053528189432,0.27163092514963244,33.84174849175217,35.01539436539069,2022,1,Jan,8,1,0.49999999999999994,0.8660254037844387,0.8660254037844386,0.5000000000000001,Tick vector
paralysis_tick,Paralysis tick,2022-02-01,14,19.214285714285715,0.6992932067530679,3.6394441987148514,0.1868939708977467,18.810525837476355,19.618045591095076,2022,2,Feb,8.084931506849216,1,0.8660254037844386,0.5000000000000001,0.8660254037844387,-0.4999999999999998,Tick vector
paralysis_tick,Paralysis tick,2022-03-01,14,18.642857142857142,0.9287827316640651,4.981976338427936,0.24822762633135206,18.10659395926273,19.179120326451553,2022,3,Mar,8.16164383561636,1,1,6.123233995736766e-17,1.2246467991473532e-16,-1,Tick vector
paralysis_tick,Paralysis tick,2022-04-01,14,18.357142857142858,0.6333236937766509,3.4500123396393434,0.16926287693131167,17.99147264311773,18.722813071167984,2022,4,Apr,8.246575342465803,0,0.8660254037844387,-0.4999999999999998,-0.8660254037844384,-0.5000000000000004,Tick vector
paralysis_tick,Paralysis tick,2022-05-01,14,20.928571428571427,0.8287419301647448,3.9598590519817165,0.22149059748072938,20.45007008407284,21.407072773070013,2022,5,May,8.328767123287662,0,0.49999999999999994,-0.8660254037844387,-0.8660254037844386,0.5000000000000001,Tick vector
paralysis_tick,Paralysis tick,2022-06-01,14,23.857142857142858,0.36313651960128146,1.5221291240772277,0.09705231721239392,23.64747407300012,24.066811641285597,2022,6,Jun,8.413698630136878,0,1.2246467991473532e-16,-1,-2.4492935982947064e-16,1,Tick vector
paralysis_tick,Paralysis tick,2022-07-01,14,29.428571428571427,1.0163498575623617,3.453616020842977,0.27163092514963244,28.84174849175217,30.015394365390684,2022,7,Jul,8.495890410958964,0,-0.4999999999999997,-0.8660254037844388,0.8660254037844384,0.5000000000000006,Tick vector
paralysis_tick,Paralysis tick,2022-08-01,14,35.714285714285715,0.9138735334633754,2.558845893697451,0.24424297550431723,35.18663084544498,36.24194058312645,2022,8,Aug,8.58082191780818,0,-0.8660254037844384,-0.5000000000000004,0.8660254037844392,-0.4999999999999992,Tick vector
paralysis_tick,Paralysis tick,2022-09-01,14,62.642857142857146,1.6458405781822274,2.627339577485882,0.4398693969148447,61.692577084825125,63.59313720088917,2022,9,Sep,8.665753424657623,0,-1,-1.8369701987210297e-16,3.6739403974420594e-16,-1,Tick vector
paralysis_tick,Paralysis tick,2022-10-01,14,79.5,1.6984155512168937,2.136371762536973,0.4539206495016018,78.5193640562955,80.4806359437045,2022,10,Oct,8.747945205479482,1,-0.8660254037844386,0.5000000000000001,-0.8660254037844387,-0.49999999999999983,Tick vector
paralysis_tick,Paralysis tick,2022-11-01,14,71.71428571428571,1.8985245861972935,2.6473450405141543,0.5074020387083603,70.61811025363485,72.81046117493656,2022,11,Nov,8.832876712328698,1,-0.5000000000000004,0.8660254037844384,-0.8660254037844392,0.4999999999999991,Tick vector
paralysis_tick,Paralysis tick,2022-12-01,14,55.285714285714285,1.1387288073563857,2.059716189016718,0.30433807525552153,54.62823184696404,55.94319672446453,2022,12,Dec,8.915068493150784,1,-2.4492935982947064e-16,1,-4.898587196589413e-16,1,Tick vector
paralysis_tick,Paralysis tick,2023-01-01,14,41.07142857142857,1.2688144505364485,3.0892873578278746,0.33910492580680157,40.338836918463414,41.804020224393724,2023,1,Jan,9,1,0.49999999999999994,0.8660254037844387,0.8660254037844386,0.5000000000000001,Tick vector
paralysis_tick,Paralysis tick,2023-02-01,14,20.571428571428573,1.0163498575623617,4.940589585372591,0.27163092514963244,19.984605634609316,21.15825150824783,2023,2,Feb,9.084931506849216,1,0.8660254037844386,0.5000000000000001,0.8660254037844387,-0.4999999999999998,Tick vector
paralysis_tick,Paralysis tick,2023-03-01,14,19.428571428571427,0.7559289460184544,3.8908107515655743,0.20203050891044214,18.992111049472083,19.86503180767077,2023,3,Mar,9.16164383561636,1,1,6.123233995736766e-17,1.2246467991473532e-16,-1,Tick vector
paralysis_tick,Paralysis tick,2023-04-01,14,21.357142857142858,1.0082080720186268,4.720706691726012,0.2694549414338292,20.775020847340194,21.93926486694552,2023,4,Apr,9.246575342465803,0,0.8660254037844387,-0.4999999999999998,-0.8660254037844384,-0.5000000000000004,Tick vector
paralysis_tick,Paralysis tick,2023-05-01,14,22.285714285714285,0.9138735334633754,4.100714573233095,0.24424297550431723,21.75805941687355,22.81336915455502,2023,5,May,9.328767123287662,0,0.49999999999999994,-0.8660254037844387,-0.8660254037844386,0.5000000000000001,Tick vector
paralysis_tick,Paralysis tick,2023-06-01,14,27,1.0377490433255416,3.843514975279784,0.2773500981126146,26.40082154117063,27.59917845882937,2023,6,Jun,9.413698630136878,0,1.2246467991473532e-16,-1,-2.4492935982947064e-16,1,Tick vector
paralysis_tick,Paralysis tick,2023-07-01,14,37.07142857142857,0.9972489631508746,2.690074274395423,0.2665259963875803,36.49563416270033,37.64722298015681,2023,7,Jul,9.495890410958964,0,-0.4999999999999997,-0.8660254037844388,0.8660254037844384,0.5000000000000006,Tick vector
paralysis_tick,Paralysis tick,2023-08-01,14,52.5,1.0190493307301363,1.9410463442478785,0.2723523897009611,51.911618433777306,53.088381566222694,2023,8,Aug,9.58082191780818,0,-0.8660254037844384,-0.5000000000000004,0.8660254037844392,-0.4999999999999992,Tick vector
paralysis_tick,Paralysis tick,2023-09-01,14,76.57142857142857,1.4525460784051258,1.8969818188126646,0.3882092688495757,75.73275343485761,77.41010370799953,2023,9,Sep,9.665753424657623,0,-1,-1.8369701987210297e-16,3.6739403974420594e-16,-1,Tick vector
paralysis_tick,Paralysis tick,2023-10-01,14,85.28571428571429,1.7728105208558367,2.078672302511031,0.47380354147934284,84.26212396538125,86.30930460604733,2023,10,Oct,9.747945205479482,1,-0.8660254037844386,0.5000000000000001,-0.8660254037844387,-0.49999999999999983,Tick vector
paralysis_tick,Paralysis tick,2023-11-01,14,72.21428571428571,1.5776599725577718,2.18469234577733,0.4216473635813115,71.30337196592447,73.12519946264695,2023,11,Nov,9.832876712328698,1,-0.5000000000000004,0.8660254037844384,-0.8660254037844392,0.4999999999999991,Tick vector
paralysis_tick,Paralysis tick,2023-12-01,14,58.92857142857143,1.2688144505364485,2.153139673637609,0.33910492580680157,58.195979775606276,59.661163081536586,2023,12,Dec,9.915068493150784,1,-2.4492935982947064e-16,1,-4.898587196589413e-16,1,Tick vector
paralysis_tick,Paralysis tick,2024-01-01,14,41.42857142857143,0.9376144618769908,2.2632073217720468,0.25058800551629407,40.88720895576851,41.969933901374354,2024,1,Jan,10,1,0.49999999999999994,0.8660254037844387,0.8660254037844386,0.5000000000000001,Tick vector
paralysis_tick,Paralysis tick,2024-02-01,14,20.928571428571427,0.6157279262148819,2.942044698637661,0.16456021024035095,20.573060708267246,21.28408214887561,2024,2,Feb,10.08469945355182,1,0.8660254037844386,0.5000000000000001,0.8660254037844387,-0.4999999999999998,Tick vector
paralysis_tick,Paralysis tick,2024-03-01,14,23.428571428571427,0.8516306272526402,3.63500877485883,0.2276078590901976,22.936854543828364,23.92028831331449,2024,3,Mar,10.163934426229616,1,1,6.123233995736766e-17,1.2246467991473532e-16,-1,Tick vector
paralysis_tick,Paralysis tick,2024-04-01,14,23.071428571428573,0.7300459115473718,3.16428568472545,0.1951129769732385,22.64991261150644,23.492944531350705,2024,4,Apr,10.248633879781437,0,0.8660254037844387,-0.4999999999999998,-0.8660254037844384,-0.5000000000000004,Tick vector
paralysis_tick,Paralysis tick,2024-05-01,14,23.428571428571427,1.5045717874984443,6.421952751517751,0.4021137244732305,22.559857541885943,24.29728531525691,2024,5,May,10.330601092896131,0,0.49999999999999994,-0.8660254037844387,-0.8660254037844386,0.5000000000000001,Tick vector
paralysis_tick,Paralysis tick,2024-06-01,14,21.642857142857142,1.15072838853303,5.316896844707069,0.3075450982232204,20.978446352206927,22.307267933507358,2024,6,Jun,10.41530054644818,0,1.2246467991473532e-16,-1,-2.4492935982947064e-16,1,Tick vector
paralysis_tick,Paralysis tick,2024-07-01,14,30.928571428571427,0.9168747682531899,2.9644911675622767,0.24504508924151383,30.399183698353934,31.45795915878892,2024,7,Jul,10.497267759562874,0,-0.4999999999999997,-0.8660254037844388,0.8660254037844384,0.5000000000000006,Tick vector
paralysis_tick,Paralysis tick,2024-08-01,14,51.92857142857143,0.7300459115473718,1.4058655793209358,0.1951129769732385,51.5070554686493,52.35008738849356,2024,8,Aug,10.581967213114694,0,-0.8660254037844384,-0.5000000000000004,0.8660254037844392,-0.4999999999999992,Tick vector
paralysis_tick,Paralysis tick,2024-09-01,14,71.07142857142857,1.6391501416322993,2.306341907824341,0.43808130253357463,70.12501145645264,72.0178456864045,2024,9,Sep,10.666666666666742,0,-1,-1.8369701987210297e-16,3.6739403974420594e-16,-1,Tick vector
paralysis_tick,Paralysis tick,2024-10-01,14,84.21428571428571,1.8050600428356278,2.143413112781916,0.48242258877474387,83.17207507432711,85.2564963542443,2024,10,Oct,10.748633879781437,1,-0.8660254037844386,0.5000000000000001,-0.8660254037844387,-0.49999999999999983,Tick vector
paralysis_tick,Paralysis tick,2024-11-01,14,66.5,1.6052797503622467,2.413954511822927,0.42902905969868066,65.57313906671527,67.42686093328473,2024,11,Nov,10.833333333333258,1,-0.5000000000000004,0.8660254037844384,-0.8660254037844392,0.4999999999999991,Tick vector
paralysis_tick,Paralysis tick,2024-12-01,14,46.07142857142857,0.8287419301647448,1.7988196933808418,0.22149059748072938,45.59292722692999,46.54992991592715,2024,12,Dec,10.91530054644818,1,-2.4492935982947064e-16,1,-4.898587196589413e-16,1,Tick vector
paralysis_tick,Paralysis tick,2025-01-01,14,35.42857142857143,1.0163498575623617,2.8687294366679565,0.27163092514963244,34.84174849175217,36.01539436539069,2025,1,Jan,11,1,0.49999999999999994,0.8660254037844387,0.8660254037844386,0.5000000000000001,Tick vector
paralysis_tick,Paralysis tick,2025-02-01,14,18.285714285714285,1.0690449676496976,5.846339666834284,0.28571428571428575,17.668466098153488,18.902962473275082,2025,2,Feb,11.084931506849216,1,0.8660254037844386,0.5000000000000001,0.8660254037844387,-0.4999999999999998,Tick vector
paralysis_tick,Paralysis tick,2025-03-01,14,21,0.5547001962252291,2.641429505834424,0.14824986333222023,20.67972564193218,21.32027435806782,2025,3,Mar,11.16164383561636,1,1,6.123233995736766e-17,1.2246467991473532e-16,-1,Tick vector
paralysis_tick,Paralysis tick,2025-04-01,14,24.071428571428573,0.9168747682531899,3.8089752983812044,0.24504508924151383,23.54204084121108,24.600816301646066,2025,4,Apr,11.246575342465803,0,0.8660254037844387,-0.4999999999999998,-0.8660254037844384,-0.5000000000000004,Tick vector
paralysis_tick,Paralysis tick,2025-05-01,14,22.571428571428573,1.2224996910042532,5.41613787153783,0.3267267856553518,21.865578264471914,23.277278878385232,2025,5,May,11.328767123287662,0,0.49999999999999994,-0.8660254037844387,-0.8660254037844386,0.5000000000000001,Tick vector
paralysis_tick,Paralysis tick,2025-06-01,14,31.214285714285715,0.6992932067530679,2.2402986028702405,0.1868939708977467,30.810525837476355,31.618045591095076,2025,6,Jun,11.413698630136878,0,1.2246467991473532e-16,-1,-2.4492935982947064e-16,1,Tick vector
paralysis_tick,Paralysis tick,2025-07-01,14,36.5,1.6052797503622467,4.398026713321224,0.42902905969868066,35.573139066715264,37.426860933284736,2025,7,Jul,11.495890410958964,0,-0.4999999999999997,-0.8660254037844388,0.8660254037844384,0.5000000000000006,Tick vector
paralysis_tick,Paralysis tick,2025-08-01,14,39.57142857142857,0.9376144618769908,2.369422827847991,0.25058800551629407,39.030066098625646,40.11279104423149,2025,8,Aug,11.58082191780818,0,-0.8660254037844384,-0.5000000000000004,0.8660254037844392,-0.4999999999999992,Tick vector
paralysis_tick,Paralysis tick,2025-09-01,14,77.42857142857143,1.1578684470436789,1.495402053377445,0.3094533591281038,76.76003809087395,78.09710476626891,2025,9,Sep,11.665753424657623,0,-1,-1.8369701987210297e-16,3.6739403974420594e-16,-1,Tick vector
paralysis_tick,Paralysis tick,2025-10-01,14,81.57142857142857,1.3424596091494903,1.6457473317069058,0.3587874223585606,80.79631546983205,82.34654167302509,2025,10,Oct,11.747945205479482,1,-0.8660254037844386,0.5000000000000001,-0.8660254037844387,-0.49999999999999983,Tick vector
paralysis_tick,Paralysis tick,2025-11-01,14,74.21428571428571,1.5776599725577718,2.1258170948805395,0.4216473635813115,73.30337196592447,75.12519946264695,2025,11,Nov,11.832876712328698,1,-0.5000000000000004,0.8660254037844384,-0.8660254037844392,0.4999999999999991,Tick vector
paralysis_tick,Paralysis tick,2025-12-01,14,44.285714285714285,0.9944903161976938,2.245623294639954,0.2657887169768753,43.71151267231598,44.859915899112586,2025,12,Dec,11.915068493150784,1,-2.4492935982947064e-16,1,-4.898587196589413e-16,1,Tick vector
paralysis_tick,Paralysis tick,2026-01-01,14,33.285714285714285,1.0690449676496976,3.2117230787759152,0.28571428571428575,32.66846609815349,33.90296247327508,2026,1,Jan,12,1,0.49999999999999994,0.8660254037844387,0.8660254037844386,0.5000000000000001,Tick vector
paralysis_tick,Paralysis tick,2026-02-01,14,20.357142857142858,0.8418973861410954,4.135636282798363,0.22500654098289308,19.871045778504303,20.843239935781412,2026,2,Feb,12.084931506849216,1,0.8660254037844386,0.5000000000000001,0.8660254037844387,-0.4999999999999998,Tick vector
ticks,Ticks,2014-02-01,11,46.09090909090909,0.5393598899705937,1.170208834255726,0.16262312563634834,45.7285621864473,46.45325599537089,2014,2,Feb,0.08493150684921602,1,0.8660254037844386,0.5000000000000001,0.8660254037844387,-0.4999999999999998,Tick vector
ticks,Ticks,2014-03-01,11,50.54545454545455,0.5222329678670935,1.0331947206003647,0.1574591643244434,50.19461366382196,50.89629542708713,2014,3,Mar,0.16164383561635987,1,1,6.123233995736766e-17,1.2246467991473532e-16,-1,Tick vector
ticks,Ticks,2014-04-01,11,47.54545454545455,0.8201995322647244,1.7250850583005677,0.24729946379518988,46.99443700209711,48.096472088811986,2014,4,Apr,0.24657534246580326,0,0.8660254037844387,-0.4999999999999998,-0.8660254037844384,-0.5000000000000004,Tick vector
ticks,Ticks,2014-05-01,11,42,0,0,0,42,42,2014,5,May,0.3287671232876619,0,0.49999999999999994,-0.8660254037844387,-0.8660254037844386,0.5000000000000001,Tick vector
ticks,Ticks,2014-06-01,11,48.18181818181818,0.7507571935295483,1.5581753073254776,0.2263618108725224,47.677452636407146,48.68618372722921,2014,6,Jun,0.4136986301368779,0,1.2246467991473532e-16,-1,-2.4492935982947064e-16,1,Tick vector
ticks,Ticks,2014-07-01,11,45.45454545454545,0.5222329678670935,1.1489125293076057,0.1574591643244434,45.10370457291287,45.80538633617804,2014,7,Jul,0.4958904109589639,0,-0.4999999999999997,-0.8660254037844388,0.8660254037844384,0.5000000000000006,Tick vector
ticks,Ticks,2014-08-01,11,50.18181818181818,0.6030226891555273,1.2016756486794926,0.18181818181818182,49.776702026911586,50.586934336724774,2014,8,Aug,0.5808219178081799,0,-0.8660254037844384,-0.5000000000000004,0.8660254037844392,-0.4999999999999992,Tick vector
ticks,Ticks,2014-09-01,11,72,0.6324555320336759,0.8784104611578832,0.19069251784911848,71.57511059219729,72.42488940780271,2014,9,Sep,0.6657534246576233,0,-1,-1.8369701987210297e-16,3.6739403974420594e-16,-1,Tick vector
ticks,Ticks,2014-10-01,11,89.27272727272727,1.009049958219026,1.1303003605304773,0.30424000964875475,88.5948382869002,89.95061625855433,2014,10,Oct,0.747945205479482,1,-0.8660254037844386,0.5000000000000001,-0.8660254037844387,-0.49999999999999983,Tick vector
ticks,Ticks,2014-11-01,11,97,0.6324555320336759,0.6520160124058514,0.19069251784911848,96.57511059219729,97.42488940780271,2014,11,Nov,0.832876712328698,1,-0.5000000000000004,0.8660254037844384,-0.8660254037844392,0.4999999999999991,Tick vector
ticks,Ticks,2014-12-01,11,72.18181818181819,0.7507571935295483,1.04009182982683,0.2263618108725224,71.67745263640715,72.68618372722922,2014,12,Dec,0.915068493150784,1,-2.4492935982947064e-16,1,-4.898587196589413e-16,1,Tick vector
ticks,Ticks,2015-01-01,11,62.63636363636363,0.504524979109513,0.8054825501022704,0.15212000482437738,62.2974191434501,62.97530812927717,2015,1,Jan,1,1,0.49999999999999994,0.8660254037844387,0.8660254037844386,0.5000000000000001,Tick vector
ticks,Ticks,2015-02-01,11,60.90909090909091,0.7006490497453707,1.1503193354028476,0.21125363706585912,60.43838847272106,61.379793345460754,2015,2,Feb,1.084931506849216,1,0.8660254037844386,0.5000000000000001,0.8660254037844387,-0.4999999999999998,Tick vector
ticks,Ticks,2015-03-01,11,55.27272727272727,0.6466697906828632,1.1699617923538643,0.19497827808661106,54.83828859602911,55.70716594942544,2015,3,Mar,1.1616438356163599,1,1,6.123233995736766e-17,1.2246467991473532e-16,-1,Tick vector
ticks,Ticks,2015-04-01,11,59.90909090909091,0.5393598899705937,0.9002972366732217,0.16262312563634834,59.54674400462911,60.2714378135527,2015,4,Apr,1.2465753424658033,0,0.8660254037844387,-0.4999999999999998,-0.8660254037844384,-0.5000000000000004,Tick vector
ticks,Ticks,2015-05-01,11,55,0.6324555320336759,1.1499191491521379,0.19069251784911848,54.57511059219729,55.42488940780271,2015,5,May,1.3287671232876619,0,0.49999999999999994,-0.8660254037844387,-0.8660254037844386,0.5000000000000001,Tick vector
ticks,Ticks,2015-06-01,11,53.72727272727273,1.4206272622267313,2.644145496530295,0.4283352359778089,52.77288234631586,54.68166310822959,2015,6,Jun,1.413698630136878,0,1.2246467991473532e-16,-1,-2.4492935982947064e-16,1,Tick vector
ticks,Ticks,2015-07-01,11,52.09090909090909,0.5393598899705937,1.035420382142501,0.16262312563634834,51.7285621864473,52.45325599537089,2015,7,Jul,1.495890410958964,0,-0.4999999999999997,-0.8660254037844388,0.8660254037844384,0.5000000000000006,Tick vector
ticks,Ticks,2015-08-01,11,53.72727272727273,0.6466697906828632,1.2036155156533834,0.19497827808661106,53.29283405057456,54.16171140397089,2015,8,Aug,1.58082191780818,0,-0.8660254037844384,-0.5000000000000004,0.8660254037844392,-0.4999999999999992,Tick vector
ticks,Ticks,2015-09-01,11,70.45454545454545,0.5222329678670935,0.7412338898758747,0.1574591643244434,70.10370457291287,70.80538633617803,2015,9,Sep,1.6657534246576233,0,-1,-1.8369701987210297e-16,3.6739403974420594e-16,-1,Tick vector
ticks,Ticks,2015-10-01,11,82.27272727272727,1.1037127426019047,1.3415293004001052,0.33278191304951144,81.53124296302333,83.0142115824312,2015,10,Oct,1.747945205479482,1,-0.8660254037844386,0.5000000000000001,-0.8660254037844387,-0.49999999999999983,Tick vector
ticks,Ticks,2015-11-01,11,68.54545454545455,0.5222329678670935,0.7618783350846191,0.1574591643244434,68.19461366382197,68.89629542708713,2015,11,Nov,1.832876712328698,1,-0.5000000000000004,0.8660254037844384,-0.8660254037844392,0.4999999999999991,Tick vector
ticks,Ticks,2015-12-01,11,70.0909090909091,0.7006490497453707,0.9996289944486481,0.21125363706585912,69.62020665453925,70.56161152727894,2015,12,Dec,1.915068493150784,1,-2.4492935982947064e-16,1,-4.898587196589413e-16,1,Tick vector
ticks,Ticks,2016-01-01,11,64.63636363636364,0.504524979109513,0.7805590394099357,0.15212000482437738,64.2974191434501,64.97530812927718,2016,1,Jan,2,1,0.49999999999999994,0.8660254037844387,0.8660254037844386,0.5000000000000001,Tick vector
ticks,Ticks,2016-02-01,11,54.27272727272727,0.6466697906828632,1.1915188773051082,0.19497827808661106,53.83828859602911,54.70716594942544,2016,2,Feb,2.0846994535518206,1,0.8660254037844386,0.5000000000000001,0.8660254037844387,-0.4999999999999998,Tick vector
ticks,Ticks,2016-03-01,11,53.72727272727273,0.6466697906828632,1.2036155156533834,0.19497827808661106,53.29283405057456,54.16171140397089,2016,3,Mar,2.1639344262296163,1,1,6.123233995736766e-17,1.2246467991473532e-16,-1,Tick vector
ticks,Ticks,2016-04-01,11,57.81818181818182,0.40451991747794525,0.699641366707138,0.12196734422726126,57.54642163983547,58.08994199652817,2016,4,Apr,2.248633879781437,0,0.8660254037844387,-0.4999999999999998,-0.8660254037844384,-0.5000000000000004,Tick vector
ticks,Ticks,2016-05-01,11,53.45454545454545,0.5222329678670935,0.9769664364860592,0.1574591643244434,53.10370457291287,53.80538633617804,2016,5,May,2.3306010928961314,0,0.49999999999999994,-0.8660254037844387,-0.8660254037844386,0.5000000000000001,Tick vector
ticks,Ticks,2016-06-01,11,51.54545454545455,0.6875516509523286,1.3338744551103376,0.20730462274529782,51.08355106131939,52.0073580295897,2016,6,Jun,2.4153005464481794,0,1.2246467991473532e-16,-1,-2.4492935982947064e-16,1,Tick vector
ticks,Ticks,2016-07-01,11,55.09090909090909,0.5393598899705937,0.9790361039070182,0.16262312563634834,54.7285621864473,55.45325599537089,2016,7,Jul,2.497267759562874,0,-0.4999999999999997,-0.8660254037844388,0.8660254037844384,0.5000000000000006,Tick vector
ticks,Ticks,2016-08-01,11,58.72727272727273,0.7862453931068965,1.338807944918864,0.23706190564373267,58.19906588498202,59.255479569563434,2016,8,Aug,2.5819672131146945,0,-0.8660254037844384,-0.5000000000000004,0.8660254037844392,-0.4999999999999992,Tick vector
ticks,Ticks,2016-09-01,11,72.81818181818181,0.7507571935295483,1.0310023881179815,0.2263618108725224,72.31381627277078,73.32254736359285,2016,9,Sep,2.6666666666667425,0,-1,-1.8369701987210297e-16,3.6739403974420594e-16,-1,Tick vector
ticks,Ticks,2016-10-01,11,79.45454545454545,0.6875516509523286,0.8653396064617408,0.20730462274529782,78.9926419704103,79.9164489386806,2016,10,Oct,2.748633879781437,1,-0.8660254037844386,0.5000000000000001,-0.8660254037844387,-0.49999999999999983,Tick vector
ticks,Ticks,2016-11-01,11,71.9090909090909,0.30151134457776363,0.41929516945074585,0.09090909090909091,71.7065328316376,72.11164898654421,2016,11,Nov,2.8333333333332575,1,-0.5000000000000004,0.8660254037844384,-0.8660254037844392,0.4999999999999991,Tick vector
ticks,Ticks,2016-12-01,11,63.18181818181818,0.6030226891555273,0.9544244001022735,0.18181818181818182,62.776702026911586,63.586934336724774,2016,12,Dec,2.9153005464481794,1,-2.4492935982947064e-16,1,-4.898587196589413e-16,1,Tick vector
ticks,Ticks,2017-01-01,11,62.45454545454545,0.5222329678670935,0.8361808801365398,0.1574591643244434,62.10370457291287,62.80538633617804,2017,1,Jan,3,1,0.49999999999999994,0.8660254037844387,0.8660254037844386,0.5000000000000001,Tick vector
ticks,Ticks,2017-02-01,11,51.45454545454545,0.5222329678670935,1.014940396914846,0.1574591643244434,51.10370457291287,51.80538633617804,2017,2,Feb,3.084931506849216,1,0.8660254037844386,0.5000000000000001,0.8660254037844387,-0.4999999999999998,Tick vector
ticks,Ticks,2017-03-01,11,49.45454545454545,0.6875516509523286,1.3902698824403705,0.20730462274529782,48.9926419704103,49.91644893868061,2017,3,Mar,3.16164383561636,1,1,6.123233995736766e-17,1.2246467991473532e-16,-1,Tick vector
ticks,Ticks,2017-04-01,11,53.45454545454545,0.5222329678670935,0.9769664364860592,0.1574591643244434,53.10370457291287,53.80538633617804,2017,4,Apr,3.2465753424658033,0,0.8660254037844387,-0.4999999999999998,-0.8660254037844384,-0.5000000000000004,Tick vector
ticks,Ticks,2017-05-01,11,53.90909090909091,0.5393598899705937,1.000498952727914,0.16262312563634834,53.54674400462911,54.2714378135527,2017,5,May,3.328767123287662,0,0.49999999999999994,-0.8660254037844387,-0.8660254037844386,0.5000000000000001,Tick vector
ticks,Ticks,2017-06-01,11,54.54545454545455,0.5222329678670935,0.957427107756338,0.1574591643244434,54.19461366382196,54.89629542708713,2017,6,Jun,3.413698630136878,0,1.2246467991473532e-16,-1,-2.4492935982947064e-16,1,Tick vector
ticks,Ticks,2017-07-01,11,50.81818181818182,0.40451991747794525,0.7960141488832553,0.12196734422726126,50.54642163983547,51.08994199652817,2017,7,Jul,3.495890410958964,0,-0.4999999999999997,-0.8660254037844388,0.8660254037844384,0.5000000000000006,Tick vector
ticks,Ticks,2017-08-01,11,51.36363636363637,0.504524979109513,0.9822610212751579,0.15212000482437738,51.02469187072283,51.7025808565499,2017,8,Aug,3.58082191780818,0,-0.8660254037844384,-0.5000000000000004,0.8660254037844392,-0.4999999999999992,Tick vector
ticks,Ticks,2017-09-01,11,72.9090909090909,0.8312094145936335,1.1400627880960061,0.2506190682198222,72.35067682614172,73.46750499204009,2017,9,Sep,3.6657534246576233,0,-1,-1.8369701987210297e-16,3.6739403974420594e-16,-1,Tick vector
ticks,Ticks,2017-10-01,11,74.63636363636364,0.9244162777371754,1.2385601772361667,0.2787219948501071,74.01533233073499,75.25739494199229,2017,10,Oct,3.747945205479482,1,-0.8660254037844386,0.5000000000000001,-0.8660254037844387,-0.49999999999999983,Tick vector
ticks,Ticks,2017-11-01,11,80.36363636363636,0.674199862463242,0.8389364804406859,0.20327890704543541,79.91070273305913,80.8165699942136,2017,11,Nov,3.832876712328698,1,-0.5000000000000004,0.8660254037844384,-0.8660254037844392,0.4999999999999991,Tick vector
ticks,Ticks,2017-12-01,11,66.9090909090909,0.5393598899705937,0.8061085312060503,0.16262312563634834,66.54674400462912,67.2714378135527,2017,12,Dec,3.915068493150784,1,-2.4492935982947064e-16,1,-4.898587196589413e-16,1,Tick vector
ticks,Ticks,2018-01-01,11,61.54545454545455,0.6875516509523286,1.1171444845606522,0.20730462274529782,61.08355106131939,62.0073580295897,2018,1,Jan,4,1,0.49999999999999994,0.8660254037844387,0.8660254037844386,0.5000000000000001,Tick vector
ticks,Ticks,2018-02-01,11,47.45454545454545,0.6875516509523286,1.448863632275022,0.20730462274529782,46.9926419704103,47.91644893868061,2018,2,Feb,4.084931506849216,1,0.8660254037844386,0.5000000000000001,0.8660254037844387,-0.4999999999999998,Tick vector
ticks,Ticks,2018-03-01,11,49.90909090909091,0.5393598899705937,1.0806846611432661,0.16262312563634834,49.54674400462911,50.2714378135527,2018,3,Mar,4.16164383561636,1,1,6.123233995736766e-17,1.2246467991473532e-16,-1,Tick vector
ticks,Ticks,2018-04-01,11,54.45454545454545,0.5222329678670935,0.9590254835622752,0.1574591643244434,54.10370457291287,54.80538633617804,2018,4,Apr,4.246575342465803,0,0.8660254037844387,-0.4999999999999998,-0.8660254037844384,-0.5000000000000004,Tick vector
ticks,Ticks,2018-05-01,11,46.81818181818182,0.6030226891555273,1.2880096273224853,0.18181818181818182,46.413065663275226,47.223297973088414,2018,5,May,4.328767123287662,0,0.49999999999999994,-0.8660254037844387,-0.8660254037844386,0.5000000000000001,Tick vector
ticks,Ticks,2018-06-01,11,44.45454545454545,1.1281521496355325,2.5377655717772716,0.3401506715249038,43.696642527791596,45.21244838129931,2018,6,Jun,4.413698630136878,0,1.2246467991473532e-16,-1,-2.4492935982947064e-16,1,Tick vector
ticks,Ticks,2018-07-01,11,51.36363636363637,0.8090398349558905,1.5751218025689901,0.2439346884545225,50.82011600694368,51.907156720329056,2018,7,Jul,4.495890410958964,0,-0.4999999999999997,-0.8660254037844388,0.8660254037844384,0.5000000000000006,Tick vector
ticks,Ticks,2018-08-01,11,54.54545454545455,0.5222329678670935,0.957427107756338,0.1574591643244434,54.19461366382196,54.89629542708713,2018,8,Aug,4.58082191780818,0,-0.8660254037844384,-0.5000000000000004,0.8660254037844392,-0.4999999999999992,Tick vector
ticks,Ticks,2018-09-01,11,72.9090909090909,0.5393598899705937,0.739770422652934,0.16262312563634834,72.54674400462912,73.2714378135527,2018,9,Sep,4.665753424657623,0,-1,-1.8369701987210297e-16,3.6739403974420594e-16,-1,Tick vector
ticks,Ticks,2018-10-01,11,82.27272727272727,0.7862453931068965,0.9556573838868355,0.23706190564373267,81.74452043043657,82.80093411501797,2018,10,Oct,4.747945205479482,1,-0.8660254037844386,0.5000000000000001,-0.8660254037844387,-0.49999999999999983,Tick vector
ticks,Ticks,2018-11-01,11,73.54545454545455,0.6875516509523286,0.9348662744716457,0.20730462274529782,73.0835510613194,74.0073580295897,2018,11,Nov,4.832876712328698,1,-0.5000000000000004,0.8660254037844384,-0.8660254037844392,0.4999999999999991,Tick vector
ticks,Ticks,2018-12-01,11,66,0.6324555320336759,0.9582659576267817,0.19069251784911848,65.57511059219729,66.42488940780271,2018,12,Dec,4.915068493150784,1,-2.4492935982947064e-16,1,-4.898587196589413e-16,1,Tick vector
ticks,Ticks,2019-01-01,11,97.18181818181819,0.7507571935295483,0.7725284498433144,0.2263618108725224,96.67745263640715,97.68618372722922,2019,1,Jan,5,1,0.49999999999999994,0.8660254037844387,0.8660254037844386,0.5000000000000001,Tick vector
ticks,Ticks,2019-02-01,11,52.63636363636363,0.504524979109513,0.9585103230059834,0.15212000482437738,52.2974191434501,52.97530812927717,2019,2,Feb,5.084931506849216,1,0.8660254037844386,0.5000000000000001,0.8660254037844387,-0.4999999999999998,Tick vector
ticks,Ticks,2019-03-01,11,52.45454545454545,0.6875516509523286,1.3107570468761898,0.20730462274529782,51.9926419704103,52.91644893868061,2019,3,Mar,5.16164383561636,1,1,6.123233995736766e-17,1.2246467991473532e-16,-1,Tick vector
ticks,Ticks,2019-04-01,11,59.18181818181818,0.6030226891555273,1.0189323472674041,0.18181818181818182,58.776702026911586,59.586934336724774,2019,4,Apr,5.246575342465803,0,0.8660254037844387,-0.4999999999999998,-0.8660254037844384,-0.5000000000000004,Tick vector
ticks,Ticks,2019-05-01,11,52.18181818181818,0.40451991747794525,0.7752123854106965,0.12196734422726126,51.91005800347183,52.45357836016453,2019,5,May,5.328767123287662,0,0.49999999999999994,-0.8660254037844387,-0.8660254037844386,0.5000000000000001,Tick vector
ticks,Ticks,2019-06-01,11,53.81818181818182,0.40451991747794525,0.7516417385569929,0.12196734422726126,53.54642163983547,54.08994199652817,2019,6,Jun,5.413698630136878,0,1.2246467991473532e-16,-1,-2.4492935982947064e-16,1,Tick vector
ticks,Ticks,2019-07-01,11,53.90909090909091,0.30151134457776363,0.5592959174292412,0.09090909090909091,53.70653283163761,54.1116489865442,2019,7,Jul,5.495890410958964,0,-0.4999999999999997,-0.8660254037844388,0.8660254037844384,0.5000000000000006,Tick vector
ticks,Ticks,2019-08-01,11,55.81818181818182,0.40451991747794525,0.7247099498790549,0.12196734422726126,55.54642163983547,56.08994199652817,2019,8,Aug,5.58082191780818,0,-0.8660254037844384,-0.5000000000000004,0.8660254037844392,-0.4999999999999992,Tick vector
ticks,Ticks,2019-09-01,11,71.36363636363636,0.504524979109513,0.7069776777330756,0.15212000482437738,71.02469187072282,71.7025808565499,2019,9,Sep,5.665753424657623,0,-1,-1.8369701987210297e-16,3.6739403974420594e-16,-1,Tick vector
ticks,Ticks,2019-10-01,11,83.36363636363636,0.504524979109513,0.6052098986046502,0.15212000482437738,83.02469187072282,83.7025808565499,2019,10,Oct,5.747945205479482,1,-0.8660254037844386,0.5000000000000001,-0.8660254037844387,-0.49999999999999983,Tick vector
ticks,Ticks,2019-11-01,11,67.9090909090909,0.5393598899705937,0.7942381244546894,0.16262312563634834,67.54674400462912,68.2714378135527,2019,11,Nov,5.832876712328698,1,-0.5000000000000004,0.8660254037844384,-0.8660254037844392,0.4999999999999991,Tick vector
ticks,Ticks,2019-12-01,11,62.09090909090909,0.5393598899705937,0.8686616090302387,0.16262312563634834,61.7285621864473,62.45325599537089,2019,12,Dec,5.915068493150784,1,-2.4492935982947064e-16,1,-4.898587196589413e-16,1,Tick vector
ticks,Ticks,2020-01-01,11,62.09090909090909,0.5393598899705937,0.8686616090302387,0.16262312563634834,61.7285621864473,62.45325599537089,2020,1,Jan,6,1,0.49999999999999994,0.8660254037844387,0.8660254037844386,0.5000000000000001,Tick vector
ticks,Ticks,2020-02-01,11,53.36363636363637,0.504524979109513,0.9454471499496835,0.15212000482437738,53.02469187072283,53.7025808565499,2020,2,Feb,6.084699453551821,1,0.8660254037844386,0.5000000000000001,0.8660254037844387,-0.4999999999999998,Tick vector
ticks,Ticks,2020-03-01,11,53.81818181818182,0.7507571935295483,1.3949880285177418,0.2263618108725224,53.31381627277079,54.322547363592854,2020,3,Mar,6.163934426229616,1,1,6.123233995736766e-17,1.2246467991473532e-16,-1,Tick vector
ticks,Ticks,2020-04-01,11,55.27272727272727,0.9045340337332909,1.6364924952411513,0.27272727272727276,54.66505304036738,55.880401505087164,2020,4,Apr,6.248633879781437,0,0.8660254037844387,-0.4999999999999998,-0.8660254037844384,-0.5000000000000004,Tick vector
ticks,Ticks,2020-05-01,11,53.72727272727273,0.7862453931068965,1.4634009008757802,0.23706190564373267,53.19906588498202,54.255479569563434,2020,5,May,6.330601092896131,0,0.49999999999999994,-0.8660254037844387,-0.8660254037844386,0.5000000000000001,Tick vector
ticks,Ticks,2020-06-01,11,56.54545454545455,0.5222329678670935,0.9235631264530593,0.1574591643244434,56.19461366382196,56.89629542708713,2020,6,Jun,6.415300546448179,0,1.2246467991473532e-16,-1,-2.4492935982947064e-16,1,Tick vector
ticks,Ticks,2020-07-01,11,54.09090909090909,0.30151134457776363,0.557415931152168,0.09090909090909091,53.8883510134558,54.29346716836239,2020,7,Jul,6.497267759562874,0,-0.4999999999999997,-0.8660254037844388,0.8660254037844384,0.5000000000000006,Tick vector
ticks,Ticks,2020-08-01,11,59.63636363636363,0.504524979109513,0.8460022515555857,0.15212000482437738,59.2974191434501,59.97530812927717,2020,8,Aug,6.5819672131146945,0,-0.8660254037844384,-0.5000000000000004,0.8660254037844392,-0.4999999999999992,Tick vector
ticks,Ticks,2020-09-01,11,75.45454545454545,0.5222329678670935,0.6921159815106058,0.1574591643244434,75.10370457291287,75.80538633617803,2020,9,Sep,6.6666666666667425,0,-1,-1.8369701987210297e-16,3.6739403974420594e-16,-1,Tick vector
ticks,Ticks,2020-10-01,11,72.18181818181819,0.873862897505303,1.2106412937730897,0.26347957720344434,71.59474909914627,72.7688872644901,2020,10,Oct,6.748633879781437,1,-0.8660254037844386,0.5000000000000001,-0.8660254037844387,-0.49999999999999983,Tick vector
ticks,Ticks,2020-11-01,11,69.36363636363636,0.8090398349558905,1.1663745982326077,0.2439346884545225,68.82011600694366,69.90715672032906,2020,11,Nov,6.8333333333332575,1,-0.5000000000000004,0.8660254037844384,-0.8660254037844392,0.4999999999999991,Tick vector
ticks,Ticks,2020-12-01,11,58.72727272727273,0.46709936649691375,0.7953704383074384,0.14083575804390605,58.41347110302616,59.04107435151929,2020,12,Dec,6.915300546448179,1,-2.4492935982947064e-16,1,-4.898587196589413e-16,1,Tick vector
ticks,Ticks,2021-01-01,11,58.90909090909091,0.30151134457776363,0.5118248133264506,0.09090909090909091,58.70653283163761,59.1116489865442,2021,1,Jan,7,1,0.49999999999999994,0.8660254037844387,0.8660254037844386,0.5000000000000001,Tick vector
ticks,Ticks,2021-02-01,11,55.54545454545455,0.6875516509523286,1.237818029537744,0.20730462274529782,55.08355106131939,56.0073580295897,2021,2,Feb,7.084931506849216,1,0.8660254037844386,0.5000000000000001,0.8660254037844387,-0.4999999999999998,Tick vector
ticks,Ticks,2021-03-01,11,53.27272727272727,0.7862453931068965,1.4758872566853005,0.23706190564373267,52.744520430436566,53.80093411501798,2021,3,Mar,7.16164383561636,1,1,6.123233995736766e-17,1.2246467991473532e-16,-1,Tick vector
ticks,Ticks,2021-04-01,11,54.09090909090909,0.7006490497453707,1.295317570957828,0.21125363706585912,53.620206654539246,54.56161152727894,2021,4,Apr,7.246575342465803,0,0.8660254037844387,-0.4999999999999998,-0.8660254037844384,-0.5000000000000004,Tick vector
ticks,Ticks,2021-05-01,11,49.63636363636363,0.504524979109513,1.016442265605246,0.15212000482437738,49.2974191434501,49.97530812927717,2021,5,May,7.328767123287662,0,0.49999999999999994,-0.8660254037844387,-0.8660254037844386,0.5000000000000001,Tick vector
ticks,Ticks,2021-06-01,11,54.09090909090909,0.30151134457776363,0.557415931152168,0.09090909090909091,53.8883510134558,54.29346716836239,2021,6,Jun,7.413698630136878,0,1.2246467991473532e-16,-1,-2.4492935982947064e-16,1,Tick vector
ticks,Ticks,2021-07-01,11,49.27272727272727,0.6466697906828632,1.3124294644855157,0.19497827808661106,48.83828859602911,49.70716594942544,2021,7,Jul,7.495890410958964,0,-0.4999999999999997,-0.8660254037844388,0.8660254037844384,0.5000000000000006,Tick vector
ticks,Ticks,2021-08-01,11,55.27272727272727,0.6466697906828632,1.1699617923538643,0.19497827808661106,54.83828859602911,55.70716594942544,2021,8,Aug,7.58082191780818,0,-0.8660254037844384,-0.5000000000000004,0.8660254037844392,-0.4999999999999992,Tick vector
ticks,Ticks,2021-09-01,11,60.90909090909091,0.5393598899705937,0.8855162372651538,0.16262312563634834,60.54674400462911,61.2714378135527,2021,9,Sep,7.665753424657623,0,-1,-1.8369701987210297e-16,3.6739403974420594e-16,-1,Tick vector
ticks,Ticks,2021-10-01,11,71.27272727272727,0.6466697906828632,0.9073173083560583,0.19497827808661106,70.8382885960291,71.70716594942543,2021,10,Oct,7.747945205479482,1,-0.8660254037844386,0.5000000000000001,-0.8660254037844387,-0.49999999999999983,Tick vector
ticks,Ticks,2021-11-01,11,67.45454545454545,1.8635254955935732,2.762638874869179,0.5618740778313616,66.20261199180544,68.70647891728547,2021,11,Nov,7.832876712328698,1,-0.5000000000000004,0.8660254037844384,-0.8660254037844392,0.4999999999999991,Tick vector
ticks,Ticks,2021-12-01,11,61.45454545454545,0.6875516509523286,1.1187970651591146,0.20730462274529782,60.9926419704103,61.91644893868061,2021,12,Dec,7.915068493150784,1,-2.4492935982947064e-16,1,-4.898587196589413e-16,1,Tick vector
ticks,Ticks,2022-01-01,11,62,0.6324555320336759,1.0200895677962514,0.19069251784911848,61.57511059219729,62.42488940780271,2022,1,Jan,8,1,0.49999999999999994,0.8660254037844387,0.8660254037844386,0.5000000000000001,Tick vector
ticks,Ticks,2022-02-01,11,52.27272727272727,0.6466697906828632,1.2371074256541732,0.19497827808661106,51.83828859602911,52.70716594942544,2022,2,Feb,8.084931506849216,1,0.8660254037844386,0.5000000000000001,0.8660254037844387,-0.4999999999999998,Tick vector
ticks,Ticks,2022-03-01,11,57.18181818181818,0.40451991747794525,0.7074275186418757,0.12196734422726126,56.91005800347183,57.45357836016453,2022,3,Mar,8.16164383561636,1,1,6.123233995736766e-17,1.2246467991473532e-16,-1,Tick vector
ticks,Ticks,2022-04-01,11,56.45454545454545,0.5222329678670935,0.9250503456582977,0.1574591643244434,56.10370457291287,56.80538633617804,2022,4,Apr,8.246575342465803,0,0.8660254037844387,-0.4999999999999998,-0.8660254037844384,-0.5000000000000004,Tick vector
ticks,Ticks,2022-05-01,11,47.54545454545455,0.6875516509523286,1.446093338523062,0.20730462274529782,47.08355106131939,48.0073580295897,2022,5,May,8.328767123287662,0,0.49999999999999994,-0.8660254037844387,-0.8660254037844386,0.5000000000000001,Tick vector
ticks,Ticks,2022-06-01,11,52.36363636363637,0.504524979109513,0.9635025642716394,0.15212000482437738,52.02469187072283,52.7025808565499,2022,6,Jun,8.413698630136878,0,1.2246467991473532e-16,-1,-2.4492935982947064e-16,1,Tick vector
ticks,Ticks,2022-07-01,11,52.45454545454545,0.5222329678670935,0.9955914465403862,0.1574591643244434,52.10370457291287,52.80538633617804,2022,7,Jul,8.495890410958964,0,-0.4999999999999997,-0.8660254037844388,0.8660254037844384,0.5000000000000006,Tick vector
ticks,Ticks,2022-08-01,11,58.09090909090909,0.30151134457776363,0.519033613514147,0.09090909090909091,57.8883510134558,58.29346716836239,2022,8,Aug,8.58082191780818,0,-0.8660254037844384,-0.5000000000000004,0.8660254037844392,-0.4999999999999992,Tick vector
ticks,Ticks,2022-09-01,11,70.63636363636364,0.504524979109513,0.7142567271820647,0.15212000482437738,70.2974191434501,70.97530812927718,2022,9,Sep,8.665753424657623,0,-1,-1.8369701987210297e-16,3.6739403974420594e-16,-1,Tick vector
ticks,Ticks,2022-10-01,11,79.54545454545455,0.6875516509523286,0.8643506469114989,0.20730462274529782,79.0835510613194,80.0073580295897,2022,10,Oct,8.747945205479482,1,-0.8660254037844386,0.5000000000000001,-0.8660254037844387,-0.49999999999999983,Tick vector
ticks,Ticks,2022-11-01,11,81.0909090909091,0.7006490497453707,0.8640290972196275,0.21125363706585912,80.62020665453925,81.56161152727894,2022,11,Nov,8.832876712328698,1,-0.5000000000000004,0.8660254037844384,-0.8660254037844392,0.4999999999999991,Tick vector
ticks,Ticks,2022-12-01,11,69.9090909090909,0.5393598899705937,0.7715160974871952,0.16262312563634834,69.54674400462912,70.2714378135527,2022,12,Dec,8.915068493150784,1,-2.4492935982947064e-16,1,-4.898587196589413e-16,1,Tick vector
ticks,Ticks,2023-01-01,11,66.63636363636364,0.674199862463242,1.011759684460527,0.20327890704543541,66.1834300057864,67.08929726694087,2023,1,Jan,9,1,0.49999999999999994,0.8660254037844387,0.8660254037844386,0.5000000000000001,Tick vector
ticks,Ticks,2023-02-01,11,53.36363636363637,0.674199862463242,1.2634068972905728,0.20327890704543541,52.910702733059125,53.81656999421361,2023,2,Feb,9.084931506849216,1,0.8660254037844386,0.5000000000000001,0.8660254037844387,-0.4999999999999998,Tick vector
ticks,Ticks,2023-03-01,11,64.45454545454545,0.5222329678670935,0.8102345058586782,0.1574591643244434,64.10370457291287,64.80538633617803,2023,3,Mar,9.16164383561636,1,1,6.123233995736766e-17,1.2246467991473532e-16,-1,Tick vector
ticks,Ticks,2023-04-01,11,67,0.6324555320336759,0.9439634806472774,0.19069251784911848,66.57511059219729,67.42488940780271,2023,4,Apr,9.246575342465803,0,0.8660254037844387,-0.4999999999999998,-0.8660254037844384,-0.5000000000000004,Tick vector
ticks,Ticks,2023-05-01,11,60.63636363636363,0.674199862463242,1.111873836146276,0.20327890704543541,60.18343000578639,61.089297266940875,2023,5,May,9.328767123287662,0,0.49999999999999994,-0.8660254037844387,-0.8660254037844386,0.5000000000000001,Tick vector
ticks,Ticks,2023-06-01,11,66.36363636363636,0.674199862463242,1.0159176009720086,0.20327890704543541,65.91070273305913,66.8165699942136,2023,6,Jun,9.413698630136878,0,1.2246467991473532e-16,-1,-2.4492935982947064e-16,1,Tick vector
ticks,Ticks,2023-07-01,11,75.45454545454545,0.5222329678670935,0.6921159815106058,0.1574591643244434,75.10370457291287,75.80538633617803,2023,7,Jul,9.495890410958964,0,-0.4999999999999997,-0.8660254037844388,0.8660254037844384,0.5000000000000006,Tick vector
ticks,Ticks,2023-08-01,11,93.36363636363636,0.674199862463242,0.72212254012616,0.20327890704543541,92.91070273305913,93.8165699942136,2023,8,Aug,9.58082191780818,0,-0.8660254037844384,-0.5000000000000004,0.8660254037844392,-0.4999999999999992,Tick vector
ticks,Ticks,2023-09-01,11,100,0,0,0,100,100,2023,9,Sep,9.665753424657623,0,-1,-1.8369701987210297e-16,3.6739403974420594e-16,-1,Tick vector
ticks,Ticks,2023-10-01,11,90.45454545454545,0.8201995322647244,0.9067532517499467,0.24729946379518988,89.90352791118802,91.00556299790289,2023,10,Oct,9.747945205479482,1,-0.8660254037844386,0.5000000000000001,-0.8660254037844387,-0.49999999999999983,Tick vector
ticks,Ticks,2023-11-01,11,91.45454545454545,0.9341987329938275,1.021489668283509,0.2816715160878121,90.82694220605232,92.08214870303858,2023,11,Nov,9.832876712328698,1,-0.5000000000000004,0.8660254037844384,-0.8660254037844392,0.4999999999999991,Tick vector
ticks,Ticks,2023-12-01,11,78.63636363636364,0.504524979109513,0.6415924589831956,0.15212000482437738,78.2974191434501,78.97530812927718,2023,12,Dec,9.915068493150784,1,-2.4492935982947064e-16,1,-4.898587196589413e-16,1,Tick vector
ticks,Ticks,2024-01-01,11,73.36363636363636,1.747725795010606,2.382278035330442,0.5269591544068887,72.18949819829254,74.53777452898018,2024,1,Jan,10,1,0.49999999999999994,0.8660254037844387,0.8660254037844386,0.5000000000000001,Tick vector
ticks,Ticks,2024-02-01,11,53.72727272727273,0.7862453931068965,1.4634009008757802,0.23706190564373267,53.19906588498202,54.255479569563434,2024,2,Feb,10.08469945355182,1,0.8660254037844386,0.5000000000000001,0.8660254037844387,-0.4999999999999998,Tick vector
ticks,Ticks,2024-03-01,11,63.36363636363637,0.674199862463242,1.0640169995833086,0.20327890704543541,62.910702733059125,63.81656999421361,2024,3,Mar,10.163934426229616,1,1,6.123233995736766e-17,1.2246467991473532e-16,-1,Tick vector
ticks,Ticks,2024-04-01,11,62.54545454545455,0.5222329678670935,0.8349655009502948,0.1574591643244434,62.19461366382196,62.89629542708713,2024,4,Apr,10.248633879781437,0,0.8660254037844387,-0.4999999999999998,-0.8660254037844384,-0.5000000000000004,Tick vector
ticks,Ticks,2024-05-01,11,58,0.7745966692414834,1.3355114986922128,0.2335496832484569,57.47961887688503,58.52038112311497,2024,5,May,10.330601092896131,0,0.49999999999999994,-0.8660254037844387,-0.8660254037844386,0.5000000000000001,Tick vector
ticks,Ticks,2024-06-01,11,59.27272727272727,0.6466697906828632,1.0910073155692477,0.19497827808661106,58.83828859602911,59.70716594942544,2024,6,Jun,10.41530054644818,0,1.2246467991473532e-16,-1,-2.4492935982947064e-16,1,Tick vector
ticks,Ticks,2024-07-01,11,58.36363636363637,0.504524979109513,0.8644508987857699,0.15212000482437738,58.02469187072283,58.7025808565499,2024,7,Jul,10.497267759562874,0,-0.4999999999999997,-0.8660254037844388,0.8660254037844384,0.5000000000000006,Tick vector
ticks,Ticks,2024-08-01,11,70,0.6324555320336759,0.9035079029052512,0.19069251784911848,69.57511059219729,70.42488940780271,2024,8,Aug,10.581967213114694,0,-0.8660254037844384,-0.5000000000000004,0.8660254037844392,-0.4999999999999992,Tick vector
ticks,Ticks,2024-09-01,11,86.18181818181819,1.1677484162422844,1.354982339521638,0.35208939510976517,85.39731412120177,86.9663222424346,2024,9,Sep,10.666666666666742,0,-1,-1.8369701987210297e-16,3.6739403974420594e-16,-1,Tick vector
ticks,Ticks,2024-10-01,11,88.45454545454545,0.6875516509523286,0.7772937472225708,0.20730462274529782,87.9926419704103,88.9164489386806,2024,10,Oct,10.748633879781437,1,-0.8660254037844386,0.5000000000000001,-0.8660254037844387,-0.49999999999999983,Tick vector
ticks,Ticks,2024-11-01,11,83,0.8944271909999159,1.0776231216866456,0.26967994498529685,82.39911563697675,83.60088436302325,2024,11,Nov,10.833333333333258,1,-0.5000000000000004,0.8660254037844384,-0.8660254037844392,0.4999999999999991,Tick vector
ticks,Ticks,2024-12-01,11,71.36363636363636,0.504524979109513,0.7069776777330756,0.15212000482437738,71.02469187072282,71.7025808565499,2024,12,Dec,10.91530054644818,1,-2.4492935982947064e-16,1,-4.898587196589413e-16,1,Tick vector
ticks,Ticks,2025-01-01,11,65.0909090909091,0.5393598899705937,0.8286255292844316,0.16262312563634834,64.7285621864473,65.45325599537088,2025,1,Jan,11,1,0.49999999999999994,0.8660254037844387,0.8660254037844386,0.5000000000000001,Tick vector
ticks,Ticks,2025-02-01,11,57.72727272727273,0.6466697906828632,1.120215385434881,0.19497827808661106,57.29283405057456,58.16171140397089,2025,2,Feb,11.084931506849216,1,0.8660254037844386,0.5000000000000001,0.8660254037844387,-0.4999999999999998,Tick vector
ticks,Ticks,2025-03-01,11,61,0.44721359549995793,0.7331370418032097,0.13483997249264842,60.69955781848837,61.30044218151163,2025,3,Mar,11.16164383561636,1,1,6.123233995736766e-17,1.2246467991473532e-16,-1,Tick vector
ticks,Ticks,2025-04-01,11,66.54545454545455,0.5222329678670935,0.7847763178330639,0.1574591643244434,66.19461366382197,66.89629542708713,2025,4,Apr,11.246575342465803,0,0.8660254037844387,-0.4999999999999998,-0.8660254037844384,-0.5000000000000004,Tick vector
ticks,Ticks,2025-05-01,11,57.72727272727273,0.46709936649691375,0.8091485088922915,0.14083575804390605,57.41347110302616,58.04107435151929,2025,5,May,11.328767123287662,0,0.49999999999999994,-0.8660254037844387,-0.8660254037844386,0.5000000000000001,Tick vector
ticks,Ticks,2025-06-01,11,60.36363636363637,0.674199862463242,1.116897362514407,0.20327890704543541,59.910702733059125,60.81656999421361,2025,6,Jun,11.413698630136878,0,1.2246467991473532e-16,-1,-2.4492935982947064e-16,1,Tick vector
ticks,Ticks,2025-07-01,11,64.63636363636364,0.504524979109513,0.7805590394099357,0.15212000482437738,64.2974191434501,64.97530812927718,2025,7,Jul,11.495890410958964,0,-0.4999999999999997,-0.8660254037844388,0.8660254037844384,0.5000000000000006,Tick vector
ticks,Ticks,2025-08-01,11,65.18181818181819,0.40451991747794525,0.6206023838573776,0.12196734422726126,64.91005800347185,65.45357836016453,2025,8,Aug,11.58082191780818,0,-0.8660254037844384,-0.5000000000000004,0.8660254037844392,-0.4999999999999992,Tick vector
ticks,Ticks,2025-09-01,11,84.72727272727273,0.46709936649691375,0.5512975355650269,0.14083575804390605,84.41347110302617,85.0410743515193,2025,9,Sep,11.665753424657623,0,-1,-1.8369701987210297e-16,3.6739403974420594e-16,-1,Tick vector
ticks,Ticks,2025-10-01,11,89.72727272727273,0.6466697906828632,0.7207059470629681,0.19497827808661106,89.29283405057457,90.1617114039709,2025,10,Oct,11.747945205479482,1,-0.8660254037844386,0.5000000000000001,-0.8660254037844387,-0.49999999999999983,Tick vector
ticks,Ticks,2025-11-01,11,89.63636363636364,0.8090398349558905,0.9025799375775655,0.2439346884545225,89.09284327967094,90.17988399305634,2025,11,Nov,11.832876712328698,1,-0.5000000000000004,0.8660254037844384,-0.8660254037844392,0.4999999999999991,Tick vector
ticks,Ticks,2025-12-01,11,68.27272727272727,0.7862453931068965,1.1516244106758804,0.23706190564373267,67.74452043043657,68.80093411501797,2025,12,Dec,11.915068493150784,1,-2.4492935982947064e-16,1,-4.898587196589413e-16,1,Tick vector
ticks,Ticks,2026-01-01,11,73,0.7745966692414834,1.0610913277280594,0.2335496832484569,72.47961887688503,73.52038112311497,2026,1,Jan,12,1,0.49999999999999994,0.8660254037844387,0.8660254037844386,0.5000000000000001,Tick vector
ticks,Ticks,2026-02-01,11,63,0.44721359549995793,0.7098628499999332,0.13483997249264842,62.69955781848837,63.30044218151163,2026,2,Feb,12.084931506849216,1,0.8660254037844386,0.5000000000000001,0.8660254037844387,-0.4999999999999998,Tick vector
food_allergy,Food allergy,2014-02-01,14,55.857142857142854,0.8644378215075664,1.5475868927245435,0.23103072573218283,55.358031318591195,56.35625439569451,2014,2,Feb,0.08493150684921602,1,0.8660254037844386,0.5000000000000001,0.8660254037844387,-0.4999999999999998,Control
food_allergy,Food allergy,2014-03-01,14,49.5,0.7595545253127499,1.5344535864904039,0.20299948573528753,49.06144627373942,49.93855372626058,2014,3,Mar,0.16164383561635987,1,1,6.123233995736766e-17,1.2246467991473532e-16,-1,Control
food_allergy,Food allergy,2014-04-01,14,45.142857142857146,1.0994504121565505,2.435491419334131,0.2938404825740865,44.50805337430419,45.7776609114101,2014,4,Apr,0.24657534246580326,0,0.8660254037844387,-0.4999999999999998,-0.8660254037844384,-0.5000000000000004,Control
food_allergy,Food allergy,2014-05-01,14,61.857142857142854,1.0994504121565505,1.77740251387895,0.2938404825740865,61.2223390885899,62.49194662569581,2014,5,May,0.3287671232876619,0,0.49999999999999994,-0.8660254037844387,-0.8660254037844386,0.5000000000000001,Control
food_allergy,Food allergy,2014-06-01,14,52.57142857142857,1.2838814775327387,2.4421658540024924,0.3431317581537581,51.83013747607622,53.31271966678092,2014,6,Jun,0.4136986301368779,0,1.2246467991473532e-16,-1,-2.4492935982947064e-16,1,Control
food_allergy,Food allergy,2014-07-01,14,51.07142857142857,0.9168747682531899,1.7952792665097428,0.24504508924151383,50.542040841211076,51.60081630164606,2014,7,Jul,0.4958904109589639,0,-0.4999999999999997,-0.8660254037844388,0.8660254037844384,0.5000000000000006,Control
food_allergy,Food allergy,2014-08-01,14,53.5,0.8548504142651103,1.5978512416170285,0.22846838336584385,53.00642406558371,53.99357593441629,2014,8,Aug,0.5808219178081799,0,-0.8660254037844384,-0.5000000000000004,0.8660254037844392,-0.4999999999999992,Control
food_allergy,Food allergy,2014-09-01,14,52.142857142857146,1.2314558524297639,2.3616961553447524,0.3291204204807019,51.43183570224878,52.85387858346551,2014,9,Sep,0.6657534246576233,0,-1,-1.8369701987210297e-16,3.6739403974420594e-16,-1,Control
food_allergy,Food allergy,2014-10-01,14,50.642857142857146,0.744946343668492,1.470980086228334,0.19909528496696088,50.212737929564994,51.0729763561493,2014,10,Oct,0.747945205479482,1,-0.8660254037844386,0.5000000000000001,-0.8660254037844387,-0.49999999999999983,Control
food_allergy,Food allergy,2014-11-01,14,49.5,1.0190493307301363,2.0586855166265376,0.2723523897009611,48.911618433777306,50.088381566222694,2014,11,Nov,0.832876712328698,1,-0.5000000000000004,0.8660254037844384,-0.8660254037844392,0.4999999999999991,Control
food_allergy,Food allergy,2014-12-01,14,39.5,0.8548504142651103,2.1641782639623046,0.22846838336584385,39.00642406558371,39.99357593441629,2014,12,Dec,0.915068493150784,1,-2.4492935982947064e-16,1,-4.898587196589413e-16,1,Control
food_allergy,Food allergy,2015-01-01,14,51.857142857142854,1.0994504121565505,2.1201523099437614,0.2938404825740865,51.2223390885899,52.49194662569581,2015,1,Jan,1,1,0.49999999999999994,0.8660254037844387,0.8660254037844386,0.5000000000000001,Control
food_allergy,Food allergy,2015-02-01,14,47.642857142857146,1.0082080720186268,2.116178861808212,0.2694549414338292,47.060735133054486,48.224979152659806,2015,2,Feb,1.084931506849216,1,0.8660254037844386,0.5000000000000001,0.8660254037844387,-0.4999999999999998,Control
food_allergy,Food allergy,2015-03-01,14,45.357142857142854,0.744946343668492,1.642401387615573,0.19909528496696088,44.9270236438507,45.787262070435006,2015,3,Mar,1.1616438356163599,1,1,6.123233995736766e-17,1.2246467991473532e-16,-1,Control
food_allergy,Food allergy,2015-04-01,14,44,0.6793662204867574,1.5440141374699032,0.18156825980064073,43.6077456225182,44.3922543774818,2015,4,Apr,1.2465753424658033,0,0.8660254037844387,-0.4999999999999998,-0.8660254037844384,-0.5000000000000004,Control
food_allergy,Food allergy,2015-05-01,14,58.785714285714285,0.5789342235218394,0.9848212793810148,0.1547266795640519,58.45144761686554,59.119980954563026,2015,5,May,1.3287671232876619,0,0.49999999999999994,-0.8660254037844387,-0.8660254037844386,0.5000000000000001,Control
food_allergy,Food allergy,2015-06-01,14,45.714285714285715,0.825420305855557,1.805606919059031,0.22060285604268937,45.23770221856491,46.19086921000652,2015,6,Jun,1.413698630136878,0,1.2246467991473532e-16,-1,-2.4492935982947064e-16,1,Control
food_allergy,Food allergy,2015-07-01,14,45,0.9607689228305228,2.135042050734495,0.2567762955065478,44.445268539465026,45.554731460534974,2015,7,Jul,1.495890410958964,0,-0.4999999999999997,-0.8660254037844388,0.8660254037844384,0.5000000000000006,Control
food_allergy,Food allergy,2015-08-01,14,58,1.0377490433255416,1.7892224884923134,0.2773500981126146,57.40082154117063,58.59917845882937,2015,8,Aug,1.58082191780818,0,-0.8660254037844384,-0.5000000000000004,0.8660254037844392,-0.4999999999999992,Control
food_allergy,Food allergy,2015-09-01,14,47.142857142857146,0.7703288865196433,1.6340309714053036,0.2058790548922549,46.698082485645735,47.58763180006856,2015,9,Sep,1.6657534246576233,0,-1,-1.8369701987210297e-16,3.6739403974420594e-16,-1,Control
food_allergy,Food allergy,2015-10-01,14,51.214285714285715,0.8925823753039809,1.7428386686549138,0.2385526741328836,50.698923994173654,51.729647434397776,2015,10,Oct,1.747945205479482,1,-0.8660254037844386,0.5000000000000001,-0.8660254037844387,-0.49999999999999983,Control
food_allergy,Food allergy,2015-11-01,14,49.92857142857143,0.9168747682531899,1.8363729264012387,0.24504508924151383,49.39918369835394,50.457959158788924,2015,11,Nov,1.832876712328698,1,-0.5000000000000004,0.8660254037844384,-0.8660254037844392,0.4999999999999991,Control
food_allergy,Food allergy,2015-12-01,14,43.214285714285715,1.2513728724621074,2.8957388784247113,0.3344434679897407,42.49176452868196,43.93680689988947,2015,12,Dec,1.915068493150784,1,-2.4492935982947064e-16,1,-4.898587196589413e-16,1,Control
food_allergy,Food allergy,2016-01-01,14,49.07142857142857,0.8287419301647448,1.688848183741838,0.22149059748072938,48.59292722692999,49.54992991592715,2016,1,Jan,2,1,0.49999999999999994,0.8660254037844387,0.8660254037844386,0.5000000000000001,Control
food_allergy,Food allergy,2016-02-01,14,44.357142857142854,0.4972451580988469,1.1210035770344375,0.13289435848843764,44.0700420504437,44.644243663842005,2016,2,Feb,2.0846994535518206,1,0.8660254037844386,0.5000000000000001,0.8660254037844387,-0.4999999999999998,Control
food_allergy,Food allergy,2016-03-01,14,52.285714285714285,1.2043875831929896,2.303473519768013,0.32188612122806176,51.5903215984628,52.98110697296577,2016,3,Mar,2.1639344262296163,1,1,6.123233995736766e-17,1.2246467991473532e-16,-1,Control
food_allergy,Food allergy,2016-04-01,14,57.357142857142854,0.744946343668492,1.298785655212813,0.19909528496696088,56.9270236438507,57.787262070435006,2016,4,Apr,2.248633879781437,0,0.8660254037844387,-0.4999999999999998,-0.8660254037844384,-0.5000000000000004,Control
food_allergy,Food allergy,2016-05-01,14,64.57142857142857,0.9376144618769908,1.4520577949422424,0.25058800551629407,64.03006609862564,65.1127910442315,2016,5,May,2.3306010928961314,0,0.49999999999999994,-0.8660254037844387,-0.8660254037844386,0.5000000000000001,Control
food_allergy,Food allergy,2016-06-01,14,46.42857142857143,0.7559289460184544,1.6281546529628248,0.20203050891044214,45.992111049472086,46.865031807670775,2016,6,Jun,2.4153005464481794,0,1.2246467991473532e-16,-1,-2.4492935982947064e-16,1,Control
food_allergy,Food allergy,2016-07-01,14,44.714285714285715,1.2043875831929896,2.6935185566616378,0.32188612122806176,44.01889302703423,45.4096784015372,2016,7,Jul,2.497267759562874,0,-0.4999999999999997,-0.8660254037844388,0.8660254037844384,0.5000000000000006,Control
food_allergy,Food allergy,2016-08-01,14,58.57142857142857,0.646206172658864,1.1032788313687922,0.17270586423628254,58.19832023554519,58.94453690731195,2016,8,Aug,2.5819672131146945,0,-0.8660254037844384,-0.5000000000000004,0.8660254037844392,-0.4999999999999992,Control
food_allergy,Food allergy,2016-09-01,14,49.57142857142857,0.7559289460184544,1.5249287095473143,0.20203050891044214,49.134968192329225,50.007888950527914,2016,9,Sep,2.6666666666667425,0,-1,-1.8369701987210297e-16,3.6739403974420594e-16,-1,Control
food_allergy,Food allergy,2016-10-01,14,46.785714285714285,1.05090228108783,2.246203348890018,0.2808654487721331,46.17894137350361,47.39248719792496,2016,10,Oct,2.748633879781437,1,-0.8660254037844386,0.5000000000000001,-0.8660254037844387,-0.49999999999999983,Control
food_allergy,Food allergy,2016-11-01,14,54.785714285714285,0.9749612559222292,1.779590297641618,0.260569356074272,54.22278841601673,55.348640155411836,2016,11,Nov,2.8333333333332575,1,-0.5000000000000004,0.8660254037844384,-0.8660254037844392,0.4999999999999991,Control
food_allergy,Food allergy,2016-12-01,14,39.07142857142857,1.2066664642907567,3.088360237672869,0.32249517782042175,38.37472009740494,39.7681370454522,2016,12,Dec,2.9153005464481794,1,-2.4492935982947064e-16,1,-4.898587196589413e-16,1,Control
food_allergy,Food allergy,2017-01-01,14,46,1.0377490433255416,2.255976181142482,0.2773500981126146,45.40082154117063,46.59917845882937,2017,1,Jan,3,1,0.49999999999999994,0.8660254037844387,0.8660254037844386,0.5000000000000001,Control
food_allergy,Food allergy,2017-02-01,14,56,0.6793662204867574,1.213153965154924,0.18156825980064073,55.6077456225182,56.3922543774818,2017,2,Feb,3.084931506849216,1,0.8660254037844386,0.5000000000000001,0.8660254037844387,-0.4999999999999998,Control
food_allergy,Food allergy,2017-03-01,14,53.5,0.6504436355879909,1.2157824964261512,0.17383837384127884,53.12444502586284,53.87555497413716,2017,3,Mar,3.16164383561636,1,1,6.123233995736766e-17,1.2246467991473532e-16,-1,Control
food_allergy,Food allergy,2017-04-01,14,52.714285714285715,0.6112498455021266,1.1595525524430585,0.1633633928276759,52.361360560807384,53.06721086776405,2017,4,Apr,3.2465753424658033,0,0.8660254037844387,-0.4999999999999998,-0.8660254037844384,-0.5000000000000004,Control
food_allergy,Food allergy,2017-05-01,14,60.5,0.8548504142651103,1.4129758913472896,0.22846838336584385,60.00642406558371,60.99357593441629,2017,5,May,3.328767123287662,0,0.49999999999999994,-0.8660254037844387,-0.8660254037844386,0.5000000000000001,Control
food_allergy,Food allergy,2017-06-01,14,55.214285714285715,1.42389343964797,2.5788496966457415,0.3805515290312702,54.39215411879757,56.03641730977386,2017,6,Jun,3.413698630136878,0,1.2246467991473532e-16,-1,-2.4492935982947064e-16,1,Control
food_allergy,Food allergy,2017-07-01,14,52.285714285714285,1.0690449676496976,2.0446215228272906,0.28571428571428575,51.66846609815349,52.90296247327508,2017,7,Jul,3.495890410958964,0,-0.4999999999999997,-0.8660254037844388,0.8660254037844384,0.5000000000000006,Control
food_allergy,Food allergy,2017-08-01,14,55.57142857142857,1.0163498575623617,1.8289071986983374,0.27163092514963244,54.98460563460931,56.15825150824783,2017,8,Aug,3.58082191780818,0,-0.8660254037844384,-0.5000000000000004,0.8660254037844392,-0.4999999999999992,Control
food_allergy,Food allergy,2017-09-01,14,55.42857142857143,0.8516306272526402,1.5364470079300208,0.2276078590901976,54.93685454382837,55.920288313314494,2017,9,Sep,3.6657534246576233,0,-1,-1.8369701987210297e-16,3.6739403974420594e-16,-1,Control
food_allergy,Food allergy,2017-10-01,14,51,0.8770580193070292,1.7197216064843712,0.2344036154692477,50.49360177617868,51.50639822382132,2017,10,Oct,3.747945205479482,1,-0.8660254037844386,0.5000000000000001,-0.8660254037844387,-0.49999999999999983,Control
food_allergy,Food allergy,2017-11-01,14,50.57142857142857,1.0894095588038444,2.154199692549975,0.29115695163718175,49.94242221900035,51.20043492385679,2017,11,Nov,3.832876712328698,1,-0.5000000000000004,0.8660254037844384,-0.8660254037844392,0.4999999999999991,Control
food_allergy,Food allergy,2017-12-01,14,44.214285714285715,0.6992932067530679,1.5816001445142085,0.1868939708977467,43.810525837476355,44.618045591095076,2017,12,Dec,3.915068493150784,1,-2.4492935982947064e-16,1,-4.898587196589413e-16,1,Control
food_allergy,Food allergy,2018-01-01,14,54.214285714285715,0.4258153136263201,0.78543009101034,0.1138039295450988,53.96842727191419,54.46014415665724,2018,1,Jan,4,1,0.49999999999999994,0.8660254037844387,0.8660254037844386,0.5000000000000001,Control
food_allergy,Food allergy,2018-02-01,14,54.285714285714285,0.6112498455021266,1.1259865575039174,0.1633633928276759,53.93278913223595,54.638639439192616,2018,2,Feb,4.084931506849216,1,0.8660254037844386,0.5000000000000001,0.8660254037844387,-0.4999999999999998,Control
food_allergy,Food allergy,2018-03-01,14,55.785714285714285,0.8017837257372732,1.4372563585559315,0.2142857142857143,55.322778145043685,56.248650426384884,2018,3,Mar,4.16164383561636,1,1,6.123233995736766e-17,1.2246467991473532e-16,-1,Control
food_allergy,Food allergy,2018-04-01,14,53.142857142857146,0.9492622930986467,1.7862462504544425,0.25370101935418016,52.59476941253172,53.69094487318257,2018,4,Apr,4.246575342465803,0,0.8660254037844387,-0.4999999999999998,-0.8660254037844384,-0.5000000000000004,Control
food_allergy,Food allergy,2018-05-01,14,64.71428571428571,0.825420305855557,1.2754839163330904,0.22060285604268937,64.2377022185649,65.19086921000651,2018,5,May,4.328767123287662,0,0.49999999999999994,-0.8660254037844387,-0.8660254037844386,0.5000000000000001,Control
food_allergy,Food allergy,2018-06-01,14,55,0.8770580193070292,1.5946509441945984,0.2344036154692477,54.49360177617868,55.50639822382132,2018,6,Jun,4.413698630136878,0,1.2246467991473532e-16,-1,-2.4492935982947064e-16,1,Control
food_allergy,Food allergy,2018-07-01,14,53.07142857142857,1.071611705960535,2.0191876020790698,0.28640027538290436,52.45269839328903,53.690158749568106,2018,7,Jul,4.495890410958964,0,-0.4999999999999997,-0.8660254037844388,0.8660254037844384,0.5000000000000006,Control
food_allergy,Food allergy,2018-08-01,14,57.285714285714285,0.9944903161976938,1.7360180083251513,0.2657887169768753,56.71151267231598,57.859915899112586,2018,8,Aug,4.58082191780818,0,-0.8660254037844384,-0.5000000000000004,0.8660254037844392,-0.4999999999999992,Control
food_allergy,Food allergy,2018-09-01,14,56.642857142857146,0.744946343668492,1.315163784534538,0.19909528496696088,56.212737929564994,57.0729763561493,2018,9,Sep,4.665753424657623,0,-1,-1.8369701987210297e-16,3.6739403974420594e-16,-1,Control
food_allergy,Food allergy,2018-10-01,14,55.714285714285715,0.825420305855557,1.4815236258945894,0.22060285604268937,55.23770221856491,56.19086921000652,2018,10,Oct,4.747945205479482,1,-0.8660254037844386,0.5000000000000001,-0.8660254037844387,-0.49999999999999983,Control
food_allergy,Food allergy,2018-11-01,14,56.142857142857146,1.0994504121565505,1.9583086221617947,0.2938404825740865,55.50805337430419,56.7776609114101,2018,11,Nov,4.832876712328698,1,-0.5000000000000004,0.8660254037844384,-0.8660254037844392,0.4999999999999991,Control
food_allergy,Food allergy,2018-12-01,14,45.57142857142857,0.8516306272526402,1.8687819406797745,0.2276078590901976,45.079711686685506,46.06314545617163,2018,12,Dec,4.915068493150784,1,-2.4492935982947064e-16,1,-4.898587196589413e-16,1,Control
food_allergy,Food allergy,2019-01-01,14,50.42857142857143,1.1578684470436789,2.2960564105682013,0.3094533591281038,49.76003809087395,51.09710476626891,2019,1,Jan,5,1,0.49999999999999994,0.8660254037844387,0.8660254037844386,0.5000000000000001,Control
food_allergy,Food allergy,2019-02-01,14,57.214285714285715,0.6992932067530679,1.2222353176707805,0.1868939708977467,56.810525837476355,57.618045591095076,2019,2,Feb,5.084931506849216,1,0.8660254037844386,0.5000000000000001,0.8660254037844387,-0.4999999999999998,Control
food_allergy,Food allergy,2019-03-01,14,61,0.6793662204867574,1.1137151155520613,0.18156825980064073,60.6077456225182,61.3922543774818,2019,3,Mar,5.16164383561636,1,1,6.123233995736766e-17,1.2246467991473532e-16,-1,Control
food_allergy,Food allergy,2019-04-01,14,56.785714285714285,0.9749612559222292,1.716912903510844,0.260569356074272,56.22278841601673,57.348640155411836,2019,4,Apr,5.246575342465803,0,0.8660254037844387,-0.4999999999999998,-0.8660254037844384,-0.5000000000000004,Control
food_allergy,Food allergy,2019-05-01,14,62.214285714285715,0.9749612559222292,1.567101903893365,0.260569356074272,61.651359844588164,62.77721158398327,2019,5,May,5.328767123287662,0,0.49999999999999994,-0.8660254037844387,-0.8660254037844386,0.5000000000000001,Control
food_allergy,Food allergy,2019-06-01,14,51.214285714285715,0.8017837257372732,1.565547023754787,0.2142857142857143,50.751349573615116,51.677221854956315,2019,6,Jun,5.413698630136878,0,1.2246467991473532e-16,-1,-2.4492935982947064e-16,1,Control
food_allergy,Food allergy,2019-07-01,14,55.142857142857146,1.027105182026191,1.8626259777677037,0.2745054065230065,54.549824266575264,55.73589001913903,2019,7,Jul,5.495890410958964,0,-0.4999999999999997,-0.8660254037844388,0.8660254037844384,0.5000000000000006,Control
food_allergy,Food allergy,2019-08-01,14,64.07142857142857,0.6157279262148819,0.9610023374591246,0.16456021024035095,63.71591785112439,64.42693929173275,2019,8,Aug,5.58082191780818,0,-0.8660254037844384,-0.5000000000000004,0.8660254037844392,-0.4999999999999992,Control
food_allergy,Food allergy,2019-09-01,14,57.92857142857143,0.9168747682531899,1.582767787366789,0.24504508924151383,57.39918369835394,58.457959158788924,2019,9,Sep,5.665753424657623,0,-1,-1.8369701987210297e-16,3.6739403974420594e-16,-1,Control
food_allergy,Food allergy,2019-10-01,14,57.357142857142854,0.744946343668492,1.298785655212813,0.19909528496696088,56.9270236438507,57.787262070435006,2019,10,Oct,5.747945205479482,1,-0.8660254037844386,0.5000000000000001,-0.8660254037844387,-0.49999999999999983,Control
food_allergy,Food allergy,2019-11-01,14,53.857142857142854,0.6629935441317959,1.23102249573543,0.1771924779845835,53.474341781543984,54.239943932741724,2019,11,Nov,5.832876712328698,1,-0.5000000000000004,0.8660254037844384,-0.8660254037844392,0.4999999999999991,Control
food_allergy,Food allergy,2019-12-01,14,44.5,0.8548504142651103,1.9210121668878883,0.22846838336584385,44.00642406558371,44.99357593441629,2019,12,Dec,5.915068493150784,1,-2.4492935982947064e-16,1,-4.898587196589413e-16,1,Control
food_allergy,Food allergy,2020-01-01,14,47.57142857142857,0.646206172658864,1.358391353937552,0.17270586423628254,47.19832023554519,47.94453690731195,2020,1,Jan,6,1,0.49999999999999994,0.8660254037844387,0.8660254037844386,0.5000000000000001,Control
food_allergy,Food allergy,2020-02-01,14,55.142857142857146,0.7703288865196433,1.3969694833257777,0.2058790548922549,54.698082485645735,55.58763180006856,2020,2,Feb,6.084699453551821,1,0.8660254037844386,0.5000000000000001,0.8660254037844387,-0.4999999999999998,Control
food_allergy,Food allergy,2020-03-01,14,54.92857142857143,0.9168747682531899,1.6692128420734278,0.24504508924151383,54.39918369835394,55.457959158788924,2020,3,Mar,6.163934426229616,1,1,6.123233995736766e-17,1.2246467991473532e-16,-1,Control
food_allergy,Food allergy,2020-04-01,14,53.857142857142854,0.7703288865196433,1.4303188874370034,0.2058790548922549,53.41236819993144,54.301917514354265,2020,4,Apr,6.248633879781437,0,0.8660254037844387,-0.4999999999999998,-0.8660254037844384,-0.5000000000000004,Control
food_allergy,Food allergy,2020-05-01,14,62.57142857142857,0.5135525910130955,0.8207461500209288,0.13725270326150324,62.27491213328763,62.86794500956951,2020,5,May,6.330601092896131,0,0.49999999999999994,-0.8660254037844387,-0.8660254037844386,0.5000000000000001,Control
food_allergy,Food allergy,2020-06-01,14,58.285714285714285,0.7262730392025629,1.246056684906358,0.19410463442478784,57.86637671742881,58.70505185399976,2020,6,Jun,6.415300546448179,0,1.2246467991473532e-16,-1,-2.4492935982947064e-16,1,Control
food_allergy,Food allergy,2020-07-01,14,53.214285714285715,0.5789342235218394,1.0879300844705708,0.1547266795640519,52.880019045436974,53.54855238313446,2020,7,Jul,6.497267759562874,0,-0.4999999999999997,-0.8660254037844388,0.8660254037844384,0.5000000000000006,Control
food_allergy,Food allergy,2020-08-01,14,55.857142857142854,0.7703288865196433,1.3791054234367015,0.2058790548922549,55.41236819993144,56.301917514354265,2020,8,Aug,6.5819672131146945,0,-0.8660254037844384,-0.5000000000000004,0.8660254037844392,-0.4999999999999992,Control
food_allergy,Food allergy,2020-09-01,14,62.357142857142854,0.744946343668492,1.1946447664786812,0.19909528496696088,61.9270236438507,62.787262070435006,2020,9,Sep,6.6666666666667425,0,-1,-1.8369701987210297e-16,3.6739403974420594e-16,-1,Control
food_allergy,Food allergy,2020-10-01,14,58.5,0.8548504142651103,1.461282759427539,0.22846838336584385,58.00642406558371,58.99357593441629,2020,10,Oct,6.748633879781437,1,-0.8660254037844386,0.5000000000000001,-0.8660254037844387,-0.49999999999999983,Control
food_allergy,Food allergy,2020-11-01,14,49.42857142857143,1.2838814775327387,2.5974480759332863,0.3431317581537581,48.68728033321908,50.16986252392378,2020,11,Nov,6.8333333333332575,1,-0.5000000000000004,0.8660254037844384,-0.8660254037844392,0.4999999999999991,Control
food_allergy,Food allergy,2020-12-01,14,45.714285714285715,0.9138735334633754,1.9990983544511336,0.24424297550431723,45.18663084544498,46.24194058312645,2020,12,Dec,6.915300546448179,1,-2.4492935982947064e-16,1,-4.898587196589413e-16,1,Control
food_allergy,Food allergy,2021-01-01,14,53.57142857142857,0.9376144618769908,1.750213662170383,0.25058800551629407,53.030066098625646,54.11279104423149,2021,1,Jan,7,1,0.49999999999999994,0.8660254037844387,0.8660254037844386,0.5000000000000001,Control
food_allergy,Food allergy,2021-02-01,14,57.857142857142854,0.8644378215075664,1.4940900618649298,0.23103072573218283,57.358031318591195,58.35625439569451,2021,2,Feb,7.084931506849216,1,0.8660254037844386,0.5000000000000001,0.8660254037844387,-0.4999999999999998,Control
food_allergy,Food allergy,2021-03-01,14,61.357142857142854,1.15072838853303,1.8754595389362538,0.3075450982232204,60.69273206649264,62.02155364779307,2021,3,Mar,7.16164383561636,1,1,6.123233995736766e-17,1.2246467991473532e-16,-1,Control
food_allergy,Food allergy,2021-04-01,14,55.07142857142857,1.1411388181101378,2.0721068033128316,0.3049821777225916,54.41255463389692,55.73030250896022,2021,4,Apr,7.246575342465803,0,0.8660254037844387,-0.4999999999999998,-0.8660254037844384,-0.5000000000000004,Control
food_allergy,Food allergy,2021-05-01,14,63.07142857142857,0.9972489631508746,1.5811421839311717,0.2665259963875803,62.49563416270033,63.64722298015681,2021,5,May,7.328767123287662,0,0.49999999999999994,-0.8660254037844387,-0.8660254037844386,0.5000000000000001,Control
food_allergy,Food allergy,2021-06-01,14,58.42857142857143,1.0163498575623617,1.7394740838475629,0.27163092514963244,57.84174849175217,59.01539436539069,2021,6,Jun,7.413698630136878,0,1.2246467991473532e-16,-1,-2.4492935982947064e-16,1,Control
food_allergy,Food allergy,2021-07-01,14,61.07142857142857,0.6157279262148819,1.0082094698255377,0.16456021024035095,60.71591785112439,61.42693929173275,2021,7,Jul,7.495890410958964,0,-0.4999999999999997,-0.8660254037844388,0.8660254037844384,0.5000000000000006,Control
food_allergy,Food allergy,2021-08-01,14,56.57142857142857,1.2224996910042532,2.1609843022802453,0.3267267856553518,55.865578264471914,57.277278878385225,2021,8,Aug,7.58082191780818,0,-0.8660254037844384,-0.5000000000000004,0.8660254037844392,-0.4999999999999992,Control
food_allergy,Food allergy,2021-09-01,14,60.785714285714285,0.8925823753039809,1.4684081379853975,0.2385526741328836,60.270352565602224,61.301076005826346,2021,9,Sep,7.665753424657623,0,-1,-1.8369701987210297e-16,3.6739403974420594e-16,-1,Control
food_allergy,Food allergy,2021-10-01,14,54,0.5547001962252291,1.0272225856022763,0.14824986333222023,53.67972564193218,54.32027435806782,2021,10,Oct,7.747945205479482,1,-0.8660254037844386,0.5000000000000001,-0.8660254037844387,-0.49999999999999983,Control
food_allergy,Food allergy,2021-11-01,14,48.357142857142854,0.6333236937766509,1.3096797212515676,0.16926287693131167,47.99147264311773,48.72281307116798,2021,11,Nov,7.832876712328698,1,-0.5000000000000004,0.8660254037844384,-0.8660254037844392,0.4999999999999991,Control
food_allergy,Food allergy,2021-12-01,14,42.785714285714285,0.8925823753039809,2.0861691576386865,0.2385526741328836,42.270352565602224,43.301076005826346,2021,12,Dec,7.915068493150784,1,-2.4492935982947064e-16,1,-4.898587196589413e-16,1,Control
food_allergy,Food allergy,2022-01-01,14,52.642857142857146,0.9287827316640651,1.7643091239208832,0.24822762633135206,52.10659395926273,53.17912032645156,2022,1,Jan,8,1,0.49999999999999994,0.8660254037844387,0.8660254037844386,0.5000000000000001,Control
food_allergy,Food allergy,2022-02-01,14,69,1.3587324409735149,1.9691774506862534,0.36313651960128146,68.2154912450364,69.7845087549636,2022,2,Feb,8.084931506849216,1,0.8660254037844386,0.5000000000000001,0.8660254037844387,-0.4999999999999998,Control
food_allergy,Food allergy,2022-03-01,14,75.14285714285714,0.6629935441317959,0.8823108001753939,0.1771924779845835,74.76005606725828,75.525658218456,2022,3,Mar,8.16164383561636,1,1,6.123233995736766e-17,1.2246467991473532e-16,-1,Control
food_allergy,Food allergy,2022-04-01,14,66.14285714285714,0.9492622930986467,1.4351697735832674,0.25370101935418016,65.5947694125317,66.69094487318257,2022,4,Apr,8.246575342465803,0,0.8660254037844387,-0.4999999999999998,-0.8660254037844384,-0.5000000000000004,Control
food_allergy,Food allergy,2022-05-01,14,64.57142857142857,0.8516306272526402,1.318896989108071,0.2276078590901976,64.07971168668551,65.06314545617163,2022,5,May,8.328767123287662,0,0.49999999999999994,-0.8660254037844387,-0.8660254037844386,0.5000000000000001,Control
food_allergy,Food allergy,2022-06-01,14,63.42857142857143,0.9376144618769908,1.4782209984547152,0.25058800551629407,62.88720895576851,63.969933901374354,2022,6,Jun,8.413698630136878,0,1.2246467991473532e-16,-1,-2.4492935982947064e-16,1,Control
food_allergy,Food allergy,2022-07-01,14,65.78571428571429,0.6992932067530679,1.062986416345597,0.1868939708977467,65.38195440890493,66.18947416252365,2022,7,Jul,8.495890410958964,0,-0.4999999999999997,-0.8660254037844388,0.8660254037844384,0.5000000000000006,Control
food_allergy,Food allergy,2022-08-01,14,69.71428571428571,1.1387288073563857,1.6334224695685862,0.30433807525552153,69.05680327553547,70.37176815303594,2022,8,Aug,8.58082191780818,0,-0.8660254037844384,-0.5000000000000004,0.8660254037844392,-0.4999999999999992,Control
food_allergy,Food allergy,2022-09-01,14,66.5,0.8548504142651103,1.2854893447595643,0.22846838336584385,66.0064240655837,66.9935759344163,2022,9,Sep,8.665753424657623,0,-1,-1.8369701987210297e-16,3.6739403974420594e-16,-1,Control
food_allergy,Food allergy,2022-10-01,14,63.42857142857143,1.0894095588038444,1.7175375927087635,0.29115695163718175,62.79956507614321,64.05757778099965,2022,10,Oct,8.747945205479482,1,-0.8660254037844386,0.5000000000000001,-0.8660254037844387,-0.49999999999999983,Control
food_allergy,Food allergy,2022-11-01,14,57.857142857142854,0.7703288865196433,1.3314326433672847,0.2058790548922549,57.41236819993144,58.301917514354265,2022,11,Nov,8.832876712328698,1,-0.5000000000000004,0.8660254037844384,-0.8660254037844392,0.4999999999999991,Control
food_allergy,Food allergy,2022-12-01,14,48.785714285714285,0.8017837257372732,1.6434805505595644,0.2142857142857143,48.322778145043685,49.248650426384884,2022,12,Dec,8.915068493150784,1,-2.4492935982947064e-16,1,-4.898587196589413e-16,1,Control
food_allergy,Food allergy,2023-01-01,14,63.357142857142854,1.2157392722216298,1.9188669460093368,0.3249199877356598,62.65519589978046,64.05908981450524,2023,1,Jan,9,1,0.49999999999999994,0.8660254037844387,0.8660254037844386,0.5000000000000001,Control
food_allergy,Food allergy,2023-02-01,14,77.21428571428571,0.5789342235218394,0.7497760526647319,0.1547266795640519,76.88001904543697,77.54855238313445,2023,2,Feb,9.084931506849216,1,0.8660254037844386,0.5000000000000001,0.8660254037844387,-0.4999999999999998,Control
food_allergy,Food allergy,2023-03-01,14,75.78571428571429,0.8017837257372732,1.057961560822038,0.2142857142857143,75.3227781450437,76.24865042638488,2023,3,Mar,9.16164383561636,1,1,6.123233995736766e-17,1.2246467991473532e-16,-1,Control
food_allergy,Food allergy,2023-04-01,14,73.57142857142857,1.0163498575623617,1.3814464083371907,0.27163092514963244,72.98460563460931,74.15825150824783,2023,4,Apr,9.246575342465803,0,0.8660254037844387,-0.4999999999999998,-0.8660254037844384,-0.5000000000000004,Control
food_allergy,Food allergy,2023-05-01,14,75.57142857142857,0.646206172658864,0.8550932341421642,0.17270586423628254,75.19832023554518,75.94453690731196,2023,5,May,9.328767123287662,0,0.49999999999999994,-0.8660254037844387,-0.8660254037844386,0.5000000000000001,Control
food_allergy,Food allergy,2023-06-01,14,72.85714285714286,0.8644378215075664,1.1864832844221498,0.23103072573218283,72.3580313185912,73.35625439569452,2023,6,Jun,9.413698630136878,0,1.2246467991473532e-16,-1,-2.4492935982947064e-16,1,Control
food_allergy,Food allergy,2023-07-01,14,71.92857142857143,0.7300459115473718,1.0149595592515595,0.1951129769732385,71.5070554686493,72.35008738849356,2023,7,Jul,9.495890410958964,0,-0.4999999999999997,-0.8660254037844388,0.8660254037844384,0.5000000000000006,Control
food_allergy,Food allergy,2023-08-01,14,84.92857142857143,0.9168747682531899,1.0795834108952616,0.24504508924151383,84.39918369835394,85.45795915878892,2023,8,Aug,9.58082191780818,0,-0.8660254037844384,-0.5000000000000004,0.8660254037844392,-0.4999999999999992,Control
food_allergy,Food allergy,2023-09-01,14,74.64285714285714,0.744946343668492,0.9980142403214247,0.19909528496696088,74.212737929565,75.07297635614928,2023,9,Sep,9.665753424657623,0,-1,-1.8369701987210297e-16,3.6739403974420594e-16,-1,Control
food_allergy,Food allergy,2023-10-01,14,95.07142857142857,0.9168747682531899,0.9644062175465559,0.24504508924151383,94.54204084121108,95.60081630164606,2023,10,Oct,9.747945205479482,1,-0.8660254037844386,0.5000000000000001,-0.8660254037844387,-0.49999999999999983,Control
food_allergy,Food allergy,2023-11-01,14,100,0,0,0,100,100,2023,11,Nov,9.832876712328698,1,-0.5000000000000004,0.8660254037844384,-0.8660254037844392,0.4999999999999991,Control
food_allergy,Food allergy,2023-12-01,14,90.92857142857143,0.9168747682531899,1.0083461708990307,0.24504508924151383,90.39918369835394,91.45795915878892,2023,12,Dec,9.915068493150784,1,-2.4492935982947064e-16,1,-4.898587196589413e-16,1,Control
food_allergy,Food allergy,2024-01-01,14,85.78571428571429,0.8017837257372732,0.9346354837903267,0.2142857142857143,85.3227781450437,86.24865042638488,2024,1,Jan,10,1,0.49999999999999994,0.8660254037844387,0.8660254037844386,0.5000000000000001,Control
food_allergy,Food allergy,2024-02-01,14,91.64285714285714,1.3926810257774174,1.5196831146441032,0.37220966053714166,90.83874705860005,92.44696722711423,2024,2,Feb,10.08469945355182,1,0.8660254037844386,0.5000000000000001,0.8660254037844387,-0.4999999999999998,Control
food_allergy,Food allergy,2024-03-01,14,84.21428571428571,1.05090228108783,1.2478907493833435,0.2808654487721331,83.60751280207504,84.82105862649638,2024,3,Mar,10.163934426229616,1,1,6.123233995736766e-17,1.2246467991473532e-16,-1,Control
food_allergy,Food allergy,2024-04-01,14,82,0.3922322702763681,0.4783320369224001,0.10482848367219184,81.77353182957008,82.22646817042992,2024,4,Apr,10.248633879781437,0,0.8660254037844387,-0.4999999999999998,-0.8660254037844384,-0.5000000000000004,Control
food_allergy,Food allergy,2024-05-01,14,87.14285714285714,1.2314558524297639,1.4131460601653028,0.3291204204807019,86.43183570224878,87.8538785834655,2024,5,May,10.330601092896131,0,0.49999999999999994,-0.8660254037844387,-0.8660254037844386,0.5000000000000001,Control
food_allergy,Food allergy,2024-06-01,14,82.78571428571429,0.8017837257372732,0.9685049318655585,0.2142857142857143,82.3227781450437,83.24865042638488,2024,6,Jun,10.41530054644818,0,1.2246467991473532e-16,-1,-2.4492935982947064e-16,1,Control
food_allergy,Food allergy,2024-07-01,14,82.42857142857143,0.9376144618769908,1.137487215448689,0.25058800551629407,81.8872089557685,82.96993390137436,2024,7,Jul,10.497267759562874,0,-0.4999999999999997,-0.8660254037844388,0.8660254037844384,0.5000000000000006,Control
food_allergy,Food allergy,2024-08-01,14,80.07142857142857,0.8287419301647448,1.0350033026143113,0.22149059748072938,79.59292722692999,80.54992991592715,2024,8,Aug,10.581967213114694,0,-0.8660254037844384,-0.5000000000000004,0.8660254037844392,-0.4999999999999992,Control
food_allergy,Food allergy,2024-09-01,14,79.71428571428571,0.9138735334633754,1.1464363323017255,0.24424297550431723,79.18663084544497,80.24194058312645,2024,9,Sep,10.666666666666742,0,-1,-1.8369701987210297e-16,3.6739403974420594e-16,-1,Control
food_allergy,Food allergy,2024-10-01,14,80.92857142857143,0.9168747682531899,1.132943226438187,0.24504508924151383,80.39918369835394,81.45795915878892,2024,10,Oct,10.748633879781437,1,-0.8660254037844386,0.5000000000000001,-0.8660254037844387,-0.49999999999999983,Control
food_allergy,Food allergy,2024-11-01,14,71.5,0.7595545253127499,1.0623140214164335,0.20299948573528753,71.06144627373942,71.93855372626058,2024,11,Nov,10.833333333333258,1,-0.5000000000000004,0.8660254037844384,-0.8660254037844392,0.4999999999999991,Control
food_allergy,Food allergy,2024-12-01,14,62.642857142857146,0.8418973861410954,1.343963900339263,0.22500654098289308,62.156760064218595,63.1289542214957,2024,12,Dec,10.91530054644818,1,-2.4492935982947064e-16,1,-4.898587196589413e-16,1,Control
food_allergy,Food allergy,2025-01-01,14,73.35714285714286,0.744946343668492,1.01550621337477,0.19909528496696088,72.92702364385072,73.787262070435,2025,1,Jan,11,1,0.49999999999999994,0.8660254037844387,0.8660254037844386,0.5000000000000001,Control
food_allergy,Food allergy,2025-02-01,14,92.85714285714286,0.8644378215075664,0.9309330385466099,0.23103072573218283,92.3580313185912,93.35625439569452,2025,2,Feb,11.084931506849216,1,0.8660254037844386,0.5000000000000001,0.8660254037844387,-0.4999999999999998,Control
food_allergy,Food allergy,2025-03-01,14,76.92857142857143,0.8287419301647448,1.0772875601027323,0.22149059748072938,76.45007008407285,77.40707277307001,2025,3,Mar,11.16164383561636,1,1,6.123233995736766e-17,1.2246467991473532e-16,-1,Control
food_allergy,Food allergy,2025-04-01,14,67.07142857142857,0.9972489631508746,1.4868461644421986,0.2665259963875803,66.49563416270033,67.64722298015681,2025,4,Apr,11.246575342465803,0,0.8660254037844387,-0.4999999999999998,-0.8660254037844384,-0.5000000000000004,Control
food_allergy,Food allergy,2025-05-01,14,75.42857142857143,1.0163498575623617,1.347433523283434,0.27163092514963244,74.84174849175217,76.01539436539069,2025,5,May,11.328767123287662,0,0.49999999999999994,-0.8660254037844387,-0.8660254037844386,0.5000000000000001,Control
food_allergy,Food allergy,2025-06-01,14,74.64285714285714,1.15072838853303,1.5416456879868345,0.3075450982232204,73.97844635220692,75.30726793350736,2025,6,Jun,11.413698630136878,0,1.2246467991473532e-16,-1,-2.4492935982947064e-16,1,Control
food_allergy,Food allergy,2025-07-01,14,68.21428571428571,0.8017837257372732,1.175389755007521,0.2142857142857143,67.75134957361512,68.6772218549563,2025,7,Jul,11.495890410958964,0,-0.4999999999999997,-0.8660254037844388,0.8660254037844384,0.5000000000000006,Control
food_allergy,Food allergy,2025-08-01,14,71.71428571428571,0.7262730392025629,1.0127313295653269,0.19410463442478784,71.29494814600022,72.1336232825712,2025,8,Aug,11.58082191780818,0,-0.8660254037844384,-0.5000000000000004,0.8660254037844392,-0.4999999999999992,Control
food_allergy,Food allergy,2025-09-01,14,68.35714285714286,1.0818177620697815,1.5825965171344765,0.28912795861368945,67.73251987764678,68.98176583663894,2025,9,Sep,11.665753424657623,0,-1,-1.8369701987210297e-16,3.6739403974420594e-16,-1,Control
food_allergy,Food allergy,2025-10-01,14,67,0.6793662204867574,1.0139794335623245,0.18156825980064073,66.60774562251821,67.39225437748179,2025,10,Oct,11.747945205479482,1,-0.8660254037844386,0.5000000000000001,-0.8660254037844387,-0.49999999999999983,Control
food_allergy,Food allergy,2025-11-01,14,75.64285714285714,0.744946343668492,0.9848204732161367,0.19909528496696088,75.212737929565,76.07297635614928,2025,11,Nov,11.832876712328698,1,-0.5000000000000004,0.8660254037844384,-0.8660254037844392,0.4999999999999991,Control
food_allergy,Food allergy,2025-12-01,14,58.857142857142854,0.7703288865196433,1.308811214960559,0.2058790548922549,58.41236819993144,59.301917514354265,2025,12,Dec,11.915068493150784,1,-2.4492935982947064e-16,1,-4.898587196589413e-16,1,Control
food_allergy,Food allergy,2026-01-01,14,67.64285714285714,1.2774459408789602,1.888515646494767,0.34141178863529636,66.90528181574254,68.38043246997174,2026,1,Jan,12,1,0.49999999999999994,0.8660254037844387,0.8660254037844386,0.5000000000000001,Control
food_allergy,Food allergy,2026-02-01,14,89.35714285714286,1.15072838853303,1.2877855667036304,0.3075450982232204,88.69273206649264,90.02155364779308,2026,2,Feb,12.084931506849216,1,0.8660254037844386,0.5000000000000001,0.8660254037844387,-0.4999999999999998,Control
